celda,modelo,horizonte,n,RMSE_mV,MAE_mV,MAPE_%,R2
A_c001,Bi-NOA-LSTM,60,58,29.339821250241645,23.453753442470507,0.7466859230219046,0.8029019323968405
A_c002,Bi-NOA-LSTM,60,58,146.87888907147038,69.88484724589381,2.2698522738450118,-0.6426259898713662
A_c003,Bi-NOA-LSTM,60,58,145.57835302826197,66.6395225194821,2.1743418338320732,-0.5906505314185995
A_c004,Bi-NOA-LSTM,60,58,15.851473464309406,12.762409969671829,0.42106310573397304,0.5937440049996965
A_c005,Bi-NOA-LSTM,60,58,23.276438857256345,17.134629231104327,0.5523013899359237,0.5559812542732658
A_c006,Bi-NOA-LSTM,60,58,17.531593180045682,11.81063841107245,0.4024062562612512,0.46488521862766086
A_c007,Bi-NOA-LSTM,60,58,15.4708921252853,10.365967243150711,0.3560300618065841,0.2261212711711511
A_c008,Bi-NOA-LSTM,60,58,14.113475902683048,10.002819270657948,0.3413252216275682,0.3491206638552484
A_c009,Bi-NOA-LSTM,60,58,15.590538443094571,10.764744954181548,0.3442176551250159,0.752677319700488
A_c010,Bi-NOA-LSTM,60,58,16.53690332542625,10.06813787171813,0.3235679150305637,0.7259051718285106
A_c011,Bi-NOA-LSTM,60,58,24.653551390815803,18.39387437084681,0.576063010150347,0.7761419164966227
A_c012,Bi-NOA-LSTM,60,58,12.910023991469824,9.330436303044428,0.30860342651459965,-0.38217332862904274
A_c013,Bi-NOA-LSTM,60,58,13.559428765398668,10.330197800191288,0.3514483767968572,0.6269499511337926
A_c014,Bi-NOA-LSTM,60,58,12.881533075145182,8.660883598239907,0.28297407421126175,-0.38833795310175323
A_c015,Bi-NOA-LSTM,60,58,15.394747361616949,11.818038820113237,0.3863977092231052,0.6708265515061831
A_c016,Bi-NOA-LSTM,60,58,17.82167717998867,12.908888765514849,0.41061950876716163,0.7817553348127524
A_c017,Bi-NOA-LSTM,60,58,13.357653448946222,9.884310642619495,0.3216279597717494,0.2972838960467743
A_c018,Bi-NOA-LSTM,60,58,201.1694631104494,93.759614078285,3.0406921218234997,-0.581382519931517
A_c019,Bi-NOA-LSTM,60,58,11.97919355457,9.09395918903574,0.30108988196782427,0.5659911801921241
A_c020,Bi-NOA-LSTM,60,58,12.872601588622294,9.972353879362956,0.3264929767223898,0.6337076377705657
A_c021,Bi-NOA-LSTM,60,58,12.66548500026528,9.107293911164417,0.2965376958731191,0.5710172240026544
A_c022,Bi-NOA-LSTM,60,58,16.58550570403495,11.777223178907374,0.38416388843038773,0.1423384708775679
A_c023,Bi-NOA-LSTM,60,58,16.424351969144663,11.848174200544683,0.38503307093431843,0.5377005510363466
A_c024,Bi-NOA-LSTM,60,58,12.020066935221392,8.677629532474228,0.2834155280145174,0.6391831016706145
A_c025,Bi-NOA-LSTM,60,58,18.885179153579646,11.193300278446577,0.3598550289926372,0.6577693027436078
A_c026,Bi-NOA-LSTM,60,58,158.56751472952942,73.52752301560328,2.426665258107837,-0.6346023285129998
A_c027,Bi-NOA-LSTM,60,58,12.984232921112554,10.154756161253495,0.33688982858157623,0.21543065163609054
A_c028,Bi-NOA-LSTM,60,58,12.61158256392771,9.555778816731708,0.3164583942857038,0.6748721249295808
A_c029,Bi-NOA-LSTM,60,58,22.28825833906755,16.26150521471747,0.5115238482868776,0.8099443636170975
A_c030,Bi-NOA-LSTM,60,58,19.18638129736149,12.219765519609124,0.3816041529180352,0.8236174429439614
A_c031,Bi-NOA-LSTM,60,58,17.138113185461524,12.089023120748605,0.386649890511983,0.8195257678118645
A_c032,Bi-NOA-LSTM,60,58,16.399630241272938,10.320100382381725,0.3303936195669738,0.731943864267292
A_c033,Bi-NOA-LSTM,60,58,23.805542784647702,16.493433509300477,0.5160008725221018,0.8369695354189205
A_c034,Bi-NOA-LSTM,60,58,106.32632389091887,53.252044366121815,1.7346504928379598,-0.5631772098452568
A_c035,Bi-NOA-LSTM,60,58,13.015726826759641,8.718126078270256,0.2858639915946986,0.5478511609275782
A_c036,Bi-NOA-LSTM,60,58,121.09577759453805,56.81855585670913,1.861739832883034,-0.7814575959478367
A_c037,Bi-NOA-LSTM,60,58,18.264529924090652,11.965948013691483,0.3776391056784685,0.8104105525281687
A_c038,Bi-NOA-LSTM,60,58,67.3686459609338,36.06595777494937,1.1533372079871194,-0.5364930529648364
A_c039,Bi-NOA-LSTM,60,58,22.03615402644699,15.192019607508866,0.4755243799038826,0.8216734479894235
A_c040,Bi-NOA-LSTM,60,58,121.32935360153833,60.42047275904515,1.9846022659048692,-0.6447005042156657
A_c041,Bi-NOA-LSTM,60,58,20.004847477320304,12.791993328945118,0.40309358183382327,0.7509656694844172
A_c042,Bi-NOA-LSTM,60,58,124.66660568160295,61.552688505168334,2.0178410143559047,-0.663204812576019
A_c043,Bi-NOA-LSTM,60,58,18.555178300870505,11.249229895738633,0.3604604882588477,0.7083772598243463
A_c044,Bi-NOA-LSTM,60,58,18.75852536458198,12.090988277496654,0.3852921836080078,0.7924507231150347
A_c045,Bi-NOA-LSTM,60,58,16.612379115184652,10.571684971057385,0.33995899033331567,0.7454748890030181
A_c046,Bi-NOA-LSTM,60,58,123.96076895647558,57.35695265739704,1.8923623729791728,-0.6299825617371835
A_c047,Bi-NOA-LSTM,60,58,19.48509001942151,13.905902650556914,0.43527731097918543,0.8152680380873598
A_c048,Bi-NOA-LSTM,60,58,17.139891056821178,11.64623415208137,0.36876348193812186,0.8048733992891997
A_c049,Bi-NOA-LSTM,60,58,122.56649817554725,60.052104935885005,1.9797103122840811,-0.6918192220529422
A_c050,Bi-NOA-LSTM,60,58,22.98546109451022,15.558309930823297,0.4906073951061107,0.7501505719248485
A_c051,Bi-NOA-LSTM,60,58,26.363502186437493,17.54937080050064,0.549335701858546,0.7662580943929375
A_c052,Bi-NOA-LSTM,60,58,139.79564642262397,67.72427458485569,2.2185141838983737,-0.748479225426115
A_c053,Bi-NOA-LSTM,60,58,14.348192701302848,9.575970158175753,0.3080640500187504,0.751383257701477
A_c054,Bi-NOA-LSTM,60,58,21.448102427462704,13.951020287033586,0.4366239309821693,0.7952902506085714
A_c055,Bi-NOA-LSTM,60,58,22.750560560858712,13.32709152046289,0.4240218101867403,0.6120623595642363
A_c056,Bi-NOA-LSTM,60,58,15.032174737186017,9.742598727399447,0.317852302798127,-0.9078697675727945
A_c057,Bi-NOA-LSTM,60,58,26.14640510550438,18.02010900268557,0.565164214242346,0.7869039090498481
A_c058,Bi-NOA-LSTM,60,58,53.59510682017011,20.434792754530676,0.6408692288796826,0.3434792811908173
A_c059,Bi-NOA-LSTM,60,58,70.3456363070083,39.02395477373846,1.1553524671068915,0.5329028471287642
A_c060,Bi-NOA-LSTM,60,58,33.38981906319859,17.907224879701136,0.5505841477628087,0.652651044754969
A_c061,Bi-NOA-LSTM,60,58,49.91015471682879,26.66769892120362,0.8572159717450225,0.19894195980586393
A_c062,Bi-NOA-LSTM,60,58,25.470361400433017,19.109366410757485,0.6174147382209344,-0.08359759727145999
A_c063,Bi-NOA-LSTM,60,58,24.33088246025585,16.61879633540014,0.5216013397675632,0.7834214548361601
A_c064,Bi-NOA-LSTM,60,58,15.984824246203042,10.008069246945436,0.3196733574735024,0.654475876241909
A_c065,Bi-NOA-LSTM,60,58,13.330256377575822,10.551531293671685,0.3553306142947738,0.6819136606440612
A_c066,Bi-NOA-LSTM,60,58,28.686536209536374,15.426134884292749,0.4797822442885691,0.5555958513042953
A_c067,Bi-NOA-LSTM,60,58,154.69783704591222,79.88839029953174,2.5868999405620494,-0.64671689607309
A_c068,Bi-NOA-LSTM,60,58,11.496306249582302,8.906230404417517,0.29960130139446134,0.7207677099030815
A_c069,Bi-NOA-LSTM,60,58,116.82351842428398,56.14983379599033,1.8363242081332083,-0.6365610683625389
A_c070,Bi-NOA-LSTM,60,58,152.27882652516348,72.29385403749313,2.36359383208042,-0.60443614491547
A_c071,Bi-NOA-LSTM,60,58,14.049422261086228,11.131414164751385,0.37478562312025354,0.6645972984776916
A_c072,Bi-NOA-LSTM,60,58,12.478490251059522,8.654954197061457,0.2843978848570061,0.4799209290247578
A_c073,Bi-NOA-LSTM,60,58,19.966573986790088,14.037141154602743,0.4584214465686295,-0.2686437700484401
A_c074,Bi-NOA-LSTM,60,58,28.042644972133942,16.966620720663794,0.5608671934361384,0.4163116982722844
A_c075,Bi-NOA-LSTM,60,58,126.89367461537098,66.48482314637279,2.11169948053666,-0.6176940274515408
A_c076,Bi-NOA-LSTM,60,58,12.572421871212747,9.32310670016933,0.30670033710079103,0.3135303972058746
A_c077,Bi-NOA-LSTM,60,58,13.612647979127258,11.268194494225455,0.37866905634533954,0.7260680056238249
A_c078,Bi-NOA-LSTM,60,58,15.2561030106439,12.466276801606972,0.4180657800569516,0.7224074109585623
A_c079,Bi-NOA-LSTM,60,58,16.736430295581002,12.405240075017085,0.41847428393228614,0.6329272493994157
A_c080,Bi-NOA-LSTM,60,58,12.795683425725654,10.09163725424578,0.341561531565632,0.7240611166209381
A_c081,Bi-NOA-LSTM,60,58,133.88313871609785,66.83872659915617,2.1873389551448716,-0.6828504557818875
A_c082,Bi-NOA-LSTM,60,58,19.4371225738894,13.263485420876034,0.41793139294821136,0.7353956556696537
A_c083,Bi-NOA-LSTM,60,58,16.934428511266507,14.124132660561076,0.4771484882712818,0.6906701687945196
A_c084,Bi-NOA-LSTM,60,58,183.4915283632891,102.19085842692057,3.1664429972106105,-0.6365715220520347
A_c085,Bi-NOA-LSTM,60,58,14.809872692909474,11.252439937670518,0.3759674293809565,0.6523828483221198
A_c086,Bi-NOA-LSTM,60,58,15.943056433825358,11.452979304346545,0.38356900094060264,0.5225129646935547
A_c087,Bi-NOA-LSTM,60,58,14.011475470415899,11.00841520419066,0.3691051487814267,0.731158285934769
A_c088,Bi-NOA-LSTM,60,58,15.499802975213438,11.770096380387232,0.39342761665277903,0.4727609053634869
A_c089,Bi-NOA-LSTM,60,58,12.467727663722627,10.068144710216306,0.33782316037213467,0.6492924478272382
A_c090,Bi-NOA-LSTM,60,58,13.019621249134799,9.303263303822499,0.3043801265700771,0.16747582707236497
A_c091,Bi-NOA-LSTM,60,58,13.276325687636,10.79724476742798,0.364191570472664,0.6585664324236651
A_c092,Bi-NOA-LSTM,60,58,19.93658803124076,13.054125681471573,0.4093859100610764,0.7961089416908524
A_c093,Bi-NOA-LSTM,60,58,16.38224398270656,12.103941328903733,0.40333819004780014,0.5191523802238267
A_c094,Bi-NOA-LSTM,60,58,11.24267264917928,8.107807106211002,0.27253133582545924,0.5959181291606142
A_c095,Bi-NOA-LSTM,60,58,13.194917414240413,9.49300103054704,0.3141762218224985,0.23120495295473287
A_c096,Bi-NOA-LSTM,60,58,11.272440910997364,8.097390240162856,0.26535399850540387,0.5257031027957926
A_c097,Bi-NOA-LSTM,60,58,16.34728848194773,12.7898761161892,0.43211750322700093,0.7283212528834704
A_c098,Bi-NOA-LSTM,60,58,21.751600534356523,14.536692799395007,0.4599195345712188,0.769127661957937
A_c099,Bi-NOA-LSTM,60,58,15.964949109092883,12.414613061505907,0.39964721519909163,0.5690620568684672
A_c100,Bi-NOA-LSTM,60,58,14.99789702607757,12.395694565889205,0.42031364797528525,0.7785704329693193
A_c101,Bi-NOA-LSTM,60,58,13.021843523205764,8.601865755488959,0.2815423691603166,0.5303925587359535
A_c102,Bi-NOA-LSTM,60,58,12.68543497588143,9.781933643156849,0.31977417502228656,0.3437643524003696
A_c103,Bi-NOA-LSTM,60,58,14.797748516257943,11.659384460782451,0.39531526896134034,0.6499450638331395
A_c104,Bi-NOA-LSTM,60,58,135.8687260543109,66.1101547776847,2.161275170518964,-0.6752758499001272
A_c105,Bi-NOA-LSTM,60,58,14.371298815325462,11.595665747315872,0.3801570435403437,0.28871830326558967
A_c106,Bi-NOA-LSTM,60,58,14.424955729888719,11.525749084577914,0.3898080884840155,0.7156956123350169
A_c107,Bi-NOA-LSTM,60,58,14.307107249983199,11.433264494762227,0.39013079608095713,0.6293161350604848
A_c108,Bi-NOA-LSTM,60,58,18.106405156395425,13.457453640694464,0.45546592060149726,0.540296700847136
A_c109,Bi-NOA-LSTM,60,58,12.369684595853583,9.929096442369477,0.33703345858142986,0.7186479955843028
A_c110,Bi-NOA-LSTM,60,58,14.75720996910599,11.250566169914137,0.3835079840041758,0.5862957780170065
A_c111,Bi-NOA-LSTM,60,58,14.200004874149517,10.530169235475094,0.3583936597286146,0.6201418949300093
A_c112,Bi-NOA-LSTM,60,58,23.241667316268817,19.0263968718781,0.6377018303467961,0.6928860744405216
A_c113,Bi-NOA-LSTM,60,58,17.29455895202005,13.19058349060409,0.450284740586065,0.508099098038036
A_c114,Bi-NOA-LSTM,60,58,13.245758271574038,9.720787877102552,0.32475619810391687,-0.1883708610803787
A_c115,Bi-NOA-LSTM,60,58,16.68123176825966,13.874926815638041,0.47319059425549936,0.4753934502814251
A_c116,Bi-NOA-LSTM,60,58,160.21215898259874,82.7396807050333,2.6276519342166638,-0.6971556095815992
A_c117,Bi-NOA-LSTM,60,58,17.303748373783677,13.225965656587462,0.4358146687818618,0.7107001294394882
A_c118,Bi-NOA-LSTM,60,58,13.488290454784794,10.375696600762721,0.3553012145539324,0.4480453823915611
A_c119,Bi-NOA-LSTM,60,58,14.309270012090733,10.508608765665716,0.3575342233222851,0.4606692164491185
A_c120,Bi-NOA-LSTM,60,58,14.219070516679107,11.370496192739221,0.3836789352493396,0.7179598938690086
A_c121,Bi-NOA-LSTM,60,58,51.50568626414759,31.928623875550002,1.0517325430817541,-4.418952171359007
A_c122,Bi-NOA-LSTM,60,58,16.727709550335256,12.416478089887262,0.3987934286095723,0.6278205302779902
A_c123,Bi-NOA-LSTM,60,51,29.49750922883324,23.598492481466078,0.7520140728050789,0.5885088577495174
A_c124,Bi-NOA-LSTM,60,51,70.47936523184087,48.14810427561241,1.535842450425612,-0.4643488581430193
A_c125,Bi-NOA-LSTM,60,58,17.41057963086052,12.677820388618535,0.43453308957830444,0.49678317127627025
A_c126,Bi-NOA-LSTM,60,58,117.03171693483085,56.613221579610844,1.8487156366583612,-0.6941319071656293
A_c127,Bi-NOA-LSTM,60,58,129.11254930961206,65.26993261792411,2.0918822814985707,-0.6538622609310742
A_c128,Bi-NOA-LSTM,60,58,17.770672289365788,10.287718797407486,0.3272507170491966,0.7994631951202811
A_c129,Bi-NOA-LSTM,60,58,90.33489311308455,46.15139540012405,1.4817685782780463,-0.6452873827283816
A_c130,Bi-NOA-LSTM,60,58,186.45971124615,90.11132329278703,2.8850879558627582,-0.602560095856818
A_c131,Bi-NOA-LSTM,60,58,22.092945111487687,15.804187593148729,0.4940449433283415,0.8402396181189629
A_c132,Bi-NOA-LSTM,60,58,134.695850106462,65.88645162020282,2.147840442849636,-0.7213572536664332
A_c133,Bi-NOA-LSTM,60,58,12.174830683146759,9.06903237373091,0.30218128322902504,0.706051289445907
A_c134,Bi-NOA-LSTM,60,58,169.6995991487113,82.81138929045227,2.601523956731119,-0.654828877217807
A_c135,Bi-NOA-LSTM,60,58,16.817201477602783,13.27956221011805,0.4533990002972625,0.6045376390227069
A_c136,Bi-NOA-LSTM,60,58,21.49505038636064,12.54991891056808,0.3906922214168197,0.7223533971929956
A_c137,Bi-NOA-LSTM,60,58,23.45654137144892,16.08597120726133,0.5049930644809073,0.8103390579383165
A_c138,Bi-NOA-LSTM,60,58,17.24915840990462,11.058238387272265,0.34805046241631793,0.8105132341856539
A_c139,Bi-NOA-LSTM,60,58,25.895726680599804,20.229480102047972,0.6323089096882266,0.7806707880493478
A_c140,Bi-NOA-LSTM,60,58,115.62902600395878,61.87399135731661,2.0131118563294392,-0.5722188805258155
A_c141,Bi-NOA-LSTM,60,58,15.203394590309237,10.955820343070181,0.3722691755422683,0.6091582082669387
A_c142,Bi-NOA-LSTM,60,58,11.694540587038276,9.365050645236348,0.3181032487489096,0.7208846749079867
A_c143,Bi-NOA-LSTM,60,58,11.640717766096866,8.305729418787438,0.27509019857398864,0.5520689168439361
A_c144,Bi-NOA-LSTM,60,58,21.934976572052086,13.37396154360719,0.4178157164486681,0.7795866806578257
A_c145,Bi-NOA-LSTM,60,58,16.358754032200167,11.362972601370961,0.36525763619652707,0.8082621256888952
A_c146,Bi-NOA-LSTM,60,58,140.56574178384145,69.02038534186352,2.243924626178825,-0.7053973862115752
A_c147,Bi-NOA-LSTM,60,58,21.18250465841781,13.461854986765163,0.42638074679653815,0.656964734928547
A_c148,Bi-NOA-LSTM,60,58,17.06941906564172,10.940854065292184,0.35022038302410063,0.7870096493107854
A_c149,Bi-NOA-LSTM,60,58,18.821801986501434,12.032472643814964,0.38100120288241107,0.7904133427468714
A_c150,Bi-NOA-LSTM,60,58,19.22634126438819,11.744148856941324,0.37251798639147293,0.7880121526408739
A_c151,Bi-NOA-LSTM,60,58,17.935171630352468,12.542036145545667,0.39643316530780526,0.7614997518792957
A_c152,Bi-NOA-LSTM,60,58,141.58301940048574,73.21185579919923,2.3571863380785882,-0.731310421974412
A_c153,Bi-NOA-LSTM,60,58,21.453017398488697,15.141953200399472,0.4727791207265612,0.8369688095188554
A_c154,Bi-NOA-LSTM,60,58,16.61978685670623,12.890048281860356,0.4348662900875567,0.6635521915415097
A_c155,Bi-NOA-LSTM,60,58,14.558122742347472,9.067812489161021,0.2949900956539451,0.5497786938998577
A_c156,Bi-NOA-LSTM,60,58,16.239650324894512,12.009299129880725,0.39658021491141854,0.7485506396661905
A_c157,Bi-NOA-LSTM,60,58,14.702579389890564,10.211545171505287,0.3345006023000898,0.7302146343352394
A_c158,Bi-NOA-LSTM,60,58,16.834232578277966,10.942341906475216,0.3467740448668841,0.822743717548759
A_c159,Bi-NOA-LSTM,60,58,19.62278714038084,11.79984941441328,0.3707239125325947,0.7629292994256576
A_c160,Bi-NOA-LSTM,60,58,19.057190946788513,13.212409957429745,0.420586406227291,0.7963583650392406
A_c161,Bi-NOA-LSTM,60,58,17.19182547605961,10.951624595922693,0.34476773161413743,0.7681014014831437
A_c162,Bi-NOA-LSTM,60,58,134.80079508920244,68.02615406373124,2.2294423371168217,-0.673822814422645
A_c163,Bi-NOA-LSTM,60,58,137.92238860320964,66.6610642405367,2.161343411781582,-0.7054719899797417
A_c164,Bi-NOA-LSTM,60,58,103.54354069930616,48.146899891627555,1.5715498547520457,-0.6976735877301312
A_c165,Bi-NOA-LSTM,60,58,18.89514772865232,13.367744748328148,0.43452625227635094,0.5365285627960859
A_c166,Bi-NOA-LSTM,60,58,11.601588152770299,8.014180310549676,0.2651337915579252,0.5963173299997095
A_c167,Bi-NOA-LSTM,60,58,16.756429631486984,11.131421026120236,0.3594141395430564,0.6262204451327493
A_c168,Bi-NOA-LSTM,60,58,15.04137838721642,11.001921102572048,0.36377529342760434,-0.11140093184796984
A_c169,Bi-NOA-LSTM,60,58,27.790863359992283,20.033457883356924,0.6281605955760705,0.7341179282602392
A_c170,Bi-NOA-LSTM,60,58,158.5892109100873,80.675984840586,2.549857628314566,-0.6616977685738443
A_c171,Bi-NOA-LSTM,60,58,13.39637977065565,9.617137684350688,0.31325957071013544,0.3967307061475577
A_c172,Bi-NOA-LSTM,60,58,17.566454236140057,13.900604437711829,0.4589364330982052,0.7077012712771229
A_c173,Bi-NOA-LSTM,60,58,29.664716706948106,19.537081870085615,0.6106085120919572,0.7391695496776923
A_c174,Bi-NOA-LSTM,60,58,18.212370741782237,12.430161716715455,0.3965068619305374,0.7634492417001881
A_c175,Bi-NOA-LSTM,60,58,24.29086788695584,17.02353831110112,0.5334955402648627,0.767343181346961
A_c176,Bi-NOA-LSTM,60,58,106.42434054744518,53.48382773114785,1.691669445059916,-0.6643910469188057
A_c177,Bi-NOA-LSTM,60,58,14.996604026232394,10.466222274692548,0.3526781531092154,0.5551185549914226
A_c178,Bi-NOA-LSTM,60,58,18.23371757711442,11.377411560497046,0.38944530498689295,0.38486938495780265
A_c179,Bi-NOA-LSTM,60,58,15.125852265912503,9.89525204616853,0.32065878473636095,0.5835032579203879
A_c180,Bi-NOA-LSTM,60,58,13.54492939413471,10.802864632792797,0.36622431409451367,0.6619395413897627
A_c181,Bi-NOA-LSTM,60,58,14.86999832098329,11.215907061486938,0.38318963950325724,0.31070350951067427
B_c001,Bi-NOA-LSTM,60,58,121.63083131132744,69.86311465853984,2.143345794555298,0.2164088548168891
B_c002,Bi-NOA-LSTM,60,58,21.053658925026678,14.233505064462237,0.44599158205378503,0.8455595827547195
B_c003,Bi-NOA-LSTM,60,58,19.025587550295537,13.625405514228202,0.43353679592396976,0.8359345880933424
B_c004,Bi-NOA-LSTM,60,58,21.683342863540492,13.210997524989313,0.4078816539899206,0.8376396769483929
B_c005,Bi-NOA-LSTM,60,58,11.649835396359153,8.356730123462906,0.2856165898454273,0.6683270512560787
B_c006,Bi-NOA-LSTM,60,58,20.526141384106662,13.880014555569378,0.435709889159215,0.8367560585749028
B_c007,Bi-NOA-LSTM,60,58,20.44929303135474,13.770118962342748,0.43448316217857075,0.8245370365633775
B_c008,Bi-NOA-LSTM,60,58,19.003470307402967,12.704743693472377,0.40608757421540675,0.7938013637980794
B_c009,Bi-NOA-LSTM,60,58,21.634418711294916,15.050986175607283,0.4729604650437775,0.8520509391506326
B_c010,Bi-NOA-LSTM,60,58,18.514723119540587,11.628987171900961,0.37001728942767204,0.8315493868460915
B_c011,Bi-NOA-LSTM,60,58,92.54966422401779,41.27827817447706,1.2781537352155787,0.23382108987611883
B_c012,Bi-NOA-LSTM,60,58,19.94335322450327,13.882161990338894,0.44085583437143605,0.8236352867794524
B_c013,Bi-NOA-LSTM,60,58,19.144037290447613,12.335979436817405,0.38730491510781645,0.8839260254401342
B_c014,Bi-NOA-LSTM,60,58,21.651436349971313,14.96325305851025,0.4675542529274428,0.8217276084038874
B_c015,Bi-NOA-LSTM,60,58,20.014842271199953,13.18372538336391,0.41864162239930275,0.8134938661637253
B_c016,Bi-NOA-LSTM,60,58,37.258447466350404,21.788338090778243,0.7126456278439655,0.34206264688113763
B_c017,Bi-NOA-LSTM,60,58,22.358742906149825,14.803051999041692,0.4575908692748377,0.8785659318427569
B_c018,Bi-NOA-LSTM,60,58,22.68263305177597,16.467738781334873,0.5124489994561741,0.8387180361035651
B_c019,Bi-NOA-LSTM,60,58,21.319834400681675,15.23700925938397,0.4789464693672619,0.8279621107067271
B_c020,Bi-NOA-LSTM,60,58,79.64604186286341,31.803515293428266,1.0049520340113105,0.07235007823256911
B_c021,Bi-NOA-LSTM,60,58,96.86851662350628,36.37092378799614,1.1573090154207548,0.05645443155321961
B_c022,Bi-NOA-LSTM,60,58,22.585708793397135,15.395530243674127,0.4850340284308272,0.7583509959086031
B_c023,Bi-NOA-LSTM,60,58,19.935174625266136,12.71633159597116,0.4051326099971212,0.7671032068945667
B_c024,Bi-NOA-LSTM,60,58,22.29434920647458,14.856951848049816,0.46749162787021753,0.8261604584600997
B_c025,Bi-NOA-LSTM,60,58,19.476547481628266,12.604635972981042,0.39983742720846194,0.8095068059308305
B_c026,Bi-NOA-LSTM,60,58,24.093103671327036,17.390192024915013,0.5386269761790782,0.8448257834987349
B_c027,Bi-NOA-LSTM,60,58,36.516781641158495,23.208342329441813,0.7835102172523155,-0.0027146738689862726
B_c028,Bi-NOA-LSTM,60,58,22.3400998224978,15.818963801399327,0.48534169038142544,0.8487878895911537
B_c029,Bi-NOA-LSTM,60,58,20.60732034545777,13.678905810143432,0.41911485859373027,0.8166545204271514
B_c030,Bi-NOA-LSTM,60,58,20.556786040093407,15.410760871711789,0.492186712185885,0.6916888108028152
B_c031,Bi-NOA-LSTM,60,58,40.88111914580849,24.41731379347173,0.8097775138689544,-0.040521128181957966
B_c032,Bi-NOA-LSTM,60,58,23.407150090451143,16.997851651351723,0.529469348871063,0.8274794849950557
B_c033,Bi-NOA-LSTM,60,58,21.404284660127562,15.316567291663155,0.47589436232233207,0.839722725166385
B_c034,Bi-NOA-LSTM,60,58,22.510204342374113,14.951621294166266,0.4656291151054582,0.8720494386219706
B_c035,Bi-NOA-LSTM,60,58,14.260934614172537,10.587152574876797,0.35774039383716494,0.7702631660111736
B_c036,Bi-NOA-LSTM,60,58,12.019692667981863,8.556044987277314,0.2927328431272554,0.6857411555278597
B_c037,Bi-NOA-LSTM,60,58,22.779760504654096,12.811662015542199,0.39300226643600505,0.7135914491257365
B_c038,Bi-NOA-LSTM,60,58,25.19707172121936,19.65950501403809,0.603280734858472,0.8513358656652406
B_c039,Bi-NOA-LSTM,60,58,29.79568162081511,20.970902934019595,0.6420716621320179,0.8196615941736336
B_c040,Bi-NOA-LSTM,60,58,87.7652729390367,33.19307243063041,1.0457385673653254,0.0780910909236383
B_c041,Bi-NOA-LSTM,60,58,51.00068067882029,28.065607705022007,0.9197014342420193,0.026006298461397126
B_c042,Bi-NOA-LSTM,60,58,28.86040579941087,21.81975735449078,0.6755196291109515,0.7676645431749175
B_c043,Bi-NOA-LSTM,60,58,40.68641387618265,22.121527758385664,0.7413786463777603,-0.17065804074232505
B_c044,Bi-NOA-LSTM,60,58,21.69531602833049,15.41712807932885,0.4846691632441078,0.830861190081877
B_c045,Bi-NOA-LSTM,60,58,18.088061282361625,12.12576660219392,0.38687579825525586,0.8057380607903509
B_c046,Bi-NOA-LSTM,60,58,64.28229408446795,36.72928483572773,1.129493161877902,0.4373456337516086
B_c047,Bi-NOA-LSTM,60,58,19.592574338581308,13.446248020233538,0.4225505046148612,0.8312948423400564
B_c048,Bi-NOA-LSTM,60,58,37.763748294724344,21.474500014013525,0.6860799715221912,0.18264863140529108
B_c049,Bi-NOA-LSTM,60,58,28.83500472295908,17.577161887421003,0.5871498712142762,-0.12876917015432898
B_c050,Bi-NOA-LSTM,60,58,16.316800850936836,11.502444612752976,0.38182876523142467,-0.5970576009152999
B_c051,Bi-NOA-LSTM,60,58,31.556749076932796,18.967237960868015,0.6324203591602134,-0.04848485876264785
B_c052,Bi-NOA-LSTM,60,58,13.880571894659088,10.37940410729767,0.35064896907192616,0.8096141650491042
B_c053,Bi-NOA-LSTM,60,58,13.917304184231687,9.290276779928996,0.3028298999385488,-2.22340036272562
B_c054,Bi-NOA-LSTM,60,58,17.327109546329172,13.687131284884753,0.4496178255941162,-2.6300115439887235
B_c055,Bi-NOA-LSTM,60,58,13.142709436678107,9.104268919740889,0.3083458572663804,0.7151653047915094
B_c056,Bi-NOA-LSTM,60,58,13.692178925688951,9.425096846324012,0.32045931707251746,0.7107645016312474
B_c057,Bi-NOA-LSTM,60,58,28.626633581594923,17.27240091622889,0.553792736240226,0.193686170236956
B_c058,Bi-NOA-LSTM,60,58,18.04278446522604,12.737026026548211,0.4132372588396939,0.7907681097556009
B_c059,Bi-NOA-LSTM,60,58,28.5524890294838,19.63042325930545,0.6658057908003961,-0.7991610591620772
B_c060,Bi-NOA-LSTM,60,58,21.595075030114963,14.82008705760034,0.4646164257548694,0.8034689510185876
B_c061,Bi-NOA-LSTM,60,58,16.676392476582777,12.306458233975857,0.40755247683080914,0.041160275739625996
B_c062,Bi-NOA-LSTM,60,58,30.2925058542013,24.120141944727376,0.7836016935554722,-0.3241963472962557
B_c063,Bi-NOA-LSTM,60,58,42.953022875300626,24.221245377200784,0.8087994496904529,-0.25032533251681155
B_c064,Bi-NOA-LSTM,60,58,22.727340728694866,16.423515700136377,0.5144618054646364,0.8171356034889206
B_c065,Bi-NOA-LSTM,60,58,20.126643650528546,12.936641065102064,0.4093087568437186,0.7773801135327945
B_c066,Bi-NOA-LSTM,60,58,58.37904739378069,29.380080493865623,0.9890036188553278,-0.3561227841468013
B_c067,Bi-NOA-LSTM,60,58,19.641309151098998,13.751922130523342,0.4361962750773989,0.797706417745274
B_c068,Bi-NOA-LSTM,60,58,16.220908146107842,11.001866266553211,0.35883862929617566,0.7467913521356472
B_c069,Bi-NOA-LSTM,60,58,27.190768182150162,20.45971729695988,0.6311643730389273,0.8512235151922545
B_c070,Bi-NOA-LSTM,60,58,105.61104260398004,61.55242499052898,1.8947129988593634,0.30979289412125166
B_c071,Bi-NOA-LSTM,60,58,86.82150513604222,49.18309036028632,1.4910326432554564,0.4267665734291912
B_c072,Bi-NOA-LSTM,60,58,21.93282191173641,15.44565319641815,0.48283411599535253,0.8086288482720532
B_c073,Bi-NOA-LSTM,60,58,18.836581603288753,13.175899776572795,0.4222335188168902,0.8371819995501171
B_c074,Bi-NOA-LSTM,60,58,44.39809109736776,26.318333324598964,0.8688444353491769,-0.3749341646300277
B_c075,Bi-NOA-LSTM,60,58,54.80708675753997,31.994277377792862,1.0221889138776123,0.421444299418274
B_c076,Bi-NOA-LSTM,60,58,28.099246076276767,17.951948603961128,0.6012221780026794,-1.091938589602388
B_c077,Bi-NOA-LSTM,60,58,17.477757431252847,10.863126211126913,0.3517382039496877,0.7248039831351409
B_c078,Bi-NOA-LSTM,60,58,18.44986640726829,13.787375468357135,0.4469238095540869,0.654212642288547
B_c079,Bi-NOA-LSTM,60,58,22.947004442588035,16.81857491104297,0.5299998811625486,0.7955115199658668
B_c080,Bi-NOA-LSTM,60,58,30.93950947500677,24.49452898421016,0.7586195768155953,0.7962963391021747
B_c081,Bi-NOA-LSTM,60,58,53.966736520265265,28.14707383075581,0.9435440056208407,-0.017015430805525256
B_c082,Bi-NOA-LSTM,60,58,16.830528210086594,10.507979084286777,0.34442007151505577,-0.8444371292598463
B_c083,Bi-NOA-LSTM,60,58,20.99309589934412,15.504469884219105,0.4831943730847164,0.8088201067902663
B_c084,Bi-NOA-LSTM,60,58,18.39355773781264,12.912567206669896,0.41627376400677746,0.8279448254373094
B_c085,Bi-NOA-LSTM,60,58,28.393951436272342,17.926547403339953,0.5762531114368136,-0.06215547391388454
B_c086,Bi-NOA-LSTM,60,58,23.88160778454272,16.40596768595376,0.5094141295427788,0.83826205252723
B_c087,Bi-NOA-LSTM,60,58,25.745609325610022,19.241049575735527,0.5956721781022439,0.8533435108607916
B_c088,Bi-NOA-LSTM,60,58,38.39454384836466,21.37272611899539,0.7250215172475174,-0.16598193578783316
B_c089,Bi-NOA-LSTM,60,58,40.88117991728754,22.798337459239747,0.7690925502888866,-0.28676202338545
B_c090,Bi-NOA-LSTM,60,58,102.68880276573948,51.72971928558353,1.5907506399271445,0.2929911265256908
B_c091,Bi-NOA-LSTM,60,58,80.24028944904377,47.82311908329055,1.6138858295135516,-0.2769320991355846
B_c092,Bi-NOA-LSTM,60,58,32.13989183696146,24.760694613051122,0.7877309874566073,0.3770945902283295
B_c093,Bi-NOA-LSTM,60,58,18.965679309243612,13.576430409100425,0.4319476802318327,0.8579916974955376
B_c094,Bi-NOA-LSTM,60,58,70.76361853927556,35.58843901049728,1.1104262671904224,0.32770433479765226
B_c095,Bi-NOA-LSTM,60,58,35.427997206763095,20.221077563336213,0.659789952053638,0.1469241200739949
B_c096,Bi-NOA-LSTM,60,58,28.509807344965477,18.846921424497395,0.6118771775923402,-0.6226511971918747
B_c097,Bi-NOA-LSTM,60,58,20.04657357859733,13.81397017890662,0.44576242449561926,-0.16087378808965513
B_c098,Bi-NOA-LSTM,60,58,22.575069917934947,15.259592145722452,0.5008922024641871,-1.4253068829526083
B_c099,Bi-NOA-LSTM,60,58,19.4373570026028,12.424523542487515,0.39295369620414194,0.8308885488896303
B_c100,Bi-NOA-LSTM,60,58,23.188000878412108,16.54769757387012,0.5155342585329875,0.8336971082509247
B_c101,Bi-NOA-LSTM,60,58,20.982623374004817,14.019460689202704,0.4390750036622219,0.8204564694214836
B_c102,Bi-NOA-LSTM,60,58,16.510066189598557,11.270720597979683,0.36203804723896466,0.8204994909911513
B_c103,Bi-NOA-LSTM,60,58,20.545683890610196,14.85855158551092,0.47633573545190505,0.8210390545106581
B_c104,Bi-NOA-LSTM,60,58,19.424680626231595,11.921709015523971,0.3767850720328474,0.7777503038478266
B_c105,Bi-NOA-LSTM,60,58,18.832543608855104,13.75105944633044,0.44489371449264586,0.7978197605017916
B_c106,Bi-NOA-LSTM,60,58,14.888235261931719,11.529502930704707,0.37607439028557127,0.7041239298663027
B_c107,Bi-NOA-LSTM,60,58,84.62981304936561,52.17622886629651,1.6372707512514346,0.04155185455728616
B_c108,Bi-NOA-LSTM,60,58,13.377855038437742,7.775155735708639,0.2499494886591591,-6.186049560947551
B_c109,Bi-NOA-LSTM,60,58,43.306261515177276,23.823942651104097,0.7820314719286028,0.02258013343474541
B_c110,Bi-NOA-LSTM,60,58,21.264560987595484,13.05266126991358,0.4177712287791923,-0.11584034673022803
B_c111,Bi-NOA-LSTM,60,58,20.19328879893284,13.614548755216072,0.43712710574884683,-0.2703464402725293
B_c112,Bi-NOA-LSTM,60,58,20.298411223195437,15.302790240197904,0.4935920966278773,0.8219075519246032
B_c113,Bi-NOA-LSTM,60,58,19.493644315469403,13.916009712447217,0.44847072344972333,0.8216392648060802
B_c114,Bi-NOA-LSTM,60,58,24.53378597309857,17.452209520624994,0.5411122054442158,0.8028862824063827
B_c115,Bi-NOA-LSTM,60,58,21.645540827272015,14.397548970838505,0.4465554578716616,0.8121857824074358
B_c116,Bi-NOA-LSTM,60,58,18.65486461595249,13.443733331456711,0.4331449389282993,0.7071467355875227
B_c117,Bi-NOA-LSTM,60,58,20.93707927784886,15.081562764748755,0.47665469056250853,0.7503504042902046
B_c118,Bi-NOA-LSTM,60,58,66.50650807644054,30.568625343620916,0.9650080741178677,0.35586950933603867
B_c119,Bi-NOA-LSTM,60,58,21.41336014960492,14.715561245674927,0.4633683666617458,0.8242815390195873
B_c120,Bi-NOA-LSTM,60,58,14.782846069925638,11.509081383067166,0.3764213371395327,0.6444233023627088
B_c121,Bi-NOA-LSTM,60,58,21.049814468105644,14.513596705662527,0.4530675983753005,0.8514971314488854
B_c122,Bi-NOA-LSTM,60,58,23.53409451612917,15.405472587146985,0.4690708894276147,0.8635201325592637
B_c123,Bi-NOA-LSTM,60,58,15.932492480470978,11.103264479345597,0.37054921211989333,-0.05831015562024566
B_c124,Bi-NOA-LSTM,60,58,42.229441212134404,31.571633075722882,1.0174353579100321,-0.03281313613984249
B_c125,Bi-NOA-LSTM,60,58,23.325027287074327,16.033509370632817,0.527861988769931,-0.11851669298877532
B_c126,Bi-NOA-LSTM,60,58,18.313924945187043,13.633967334615793,0.44362502893301864,0.10885374157172978
B_c127,Bi-NOA-LSTM,60,58,14.160976867495172,9.78067982342602,0.31918982718628974,-1.9975506250208017
B_c128,Bi-NOA-LSTM,60,58,88.4182310792859,55.5503588775635,1.823096065401591,-0.18960290310591565
B_c129,Bi-NOA-LSTM,60,58,38.67031295145027,21.647291817185003,0.6932925925174382,0.17675599201214676
B_c130,Bi-NOA-LSTM,60,58,20.290226352842755,15.112235413474567,0.4825170621045131,0.8195418286366999
B_c131,Bi-NOA-LSTM,60,58,109.81882429616826,54.62048146195687,1.8143651218817545,-0.0975973628218747
B_c132,Bi-NOA-LSTM,60,58,14.107170807750643,10.78196582415348,0.3520688347262924,0.5428586626720981
B_c133,Bi-NOA-LSTM,60,58,43.73506574650878,24.697466462619825,0.8264949216727376,-0.1929964716391357
B_c134,Bi-NOA-LSTM,60,58,47.61445480035513,27.64541630450718,0.8860969557609344,0.1542732564870707
B_c135,Bi-NOA-LSTM,60,58,18.45966299140948,12.848066869941814,0.41949151599314444,0.6785177914792601
B_c136,Bi-NOA-LSTM,60,58,66.16430360200985,34.582821232850456,1.145294115966937,-0.3753748732628772
B_c137,Bi-NOA-LSTM,60,58,24.78339776515284,16.838323691970984,0.5411535452372834,0.7242927494401646
B_c138,Bi-NOA-LSTM,60,58,96.57420867211374,50.15153006105975,1.6597374721490694,-0.08649001603328577
B_c139,Bi-NOA-LSTM,60,58,85.07450600785195,42.1637090321157,1.4037373648559335,0.029278999090991742
B_c140,Bi-NOA-LSTM,60,58,18.476460755631763,12.568176939900704,0.4046358947081003,0.6587501111770042
B_c141,Bi-NOA-LSTM,60,58,17.508662093986878,12.195839121097267,0.39912936808295063,0.7839028369080484
B_c142,Bi-NOA-LSTM,60,58,18.75835474392478,13.437307942848644,0.4384659408281829,-2.130347891583767
B_c143,Bi-NOA-LSTM,60,58,22.17276807931322,16.04548895477643,0.5028941009943542,0.8225360107828352
B_c144,Bi-NOA-LSTM,60,58,46.489714811341656,26.978681545020766,0.900610828238046,0.16819831503068539
B_c145,Bi-NOA-LSTM,60,58,29.010130976659305,17.5424089291628,0.5699275352547716,0.3396382551264613
B_c146,Bi-NOA-LSTM,60,58,23.08087037139493,16.522547133101565,0.5482823151043305,-0.551786285764728
B_c147,Bi-NOA-LSTM,60,58,24.340041652828052,15.493315585116692,0.5190484506091999,-0.14931319202927495
B_c148,Bi-NOA-LSTM,60,58,49.10160981083782,26.95250992017728,0.8625415851827992,0.23687293402530463
B_c149,Bi-NOA-LSTM,60,58,24.486381925898538,15.502628905741373,0.4989956550561672,-0.1915215697356878
B_c150,Bi-NOA-LSTM,60,58,14.29029976202589,10.11757791832234,0.33146363371018794,0.6059823876098052
B_c151,Bi-NOA-LSTM,60,58,21.675165107631884,14.003478512047085,0.4398951776327928,0.8432070179017425
B_c152,Bi-NOA-LSTM,60,58,13.085767898953918,9.165086736429155,0.3072103979205131,-5.380795465582986
B_c153,Bi-NOA-LSTM,60,58,20.703437492817283,13.767047677699981,0.4412275470563281,0.003159199467149376
B_c154,Bi-NOA-LSTM,60,58,13.077505267174056,9.516539156560794,0.31223171542216044,0.4961790700309554
B_c155,Bi-NOA-LSTM,60,58,12.901739218883744,9.02969680258217,0.2965207800950572,0.6285287697045364
B_c156,Bi-NOA-LSTM,60,58,13.141185167183812,9.93969081824289,0.3207485623468254,0.5257360431532803
B_c157,Bi-NOA-LSTM,60,58,52.10156250277874,29.05176354522703,0.9470288953977304,0.23432042478477322
B_c158,Bi-NOA-LSTM,60,58,134.05098819942705,63.66679663810293,2.118963267120961,-0.04842971716687483
B_c159,Bi-NOA-LSTM,60,58,23.393988031663568,15.957040756909587,0.49814862244015257,0.845723883471179
B_c160,Bi-NOA-LSTM,60,58,72.3299453560891,34.78919870637042,1.136880246427698,-0.28456117992156615
B_c161,Bi-NOA-LSTM,60,58,20.431672613183245,13.383800976071399,0.41886954633799794,0.8306216196668958
B_c162,Bi-NOA-LSTM,60,58,20.65095193180246,12.966765306968268,0.42054044102954713,0.08173043329766327
B_c163,Bi-NOA-LSTM,60,58,19.501755188401894,12.78761206024875,0.406371118359656,0.7904744680377795
B_c164,Bi-NOA-LSTM,60,58,20.073305471828952,13.160692142162096,0.4156864859164891,0.8465602568001066
B_c165,Bi-NOA-LSTM,60,58,123.29078300509327,58.00168964389494,1.9448022182466944,-0.021243379897395442
B_c166,Bi-NOA-LSTM,60,58,17.121133621794748,11.694888316888937,0.37409010450456265,-1.1448329906988666
B_c167,Bi-NOA-LSTM,60,58,58.17166399332732,36.919633111274074,1.2188046907481083,-0.19104466323303226
B_c168,Bi-NOA-LSTM,60,58,32.69598896181878,21.75166111190621,0.6979643481629744,0.07516631552761566
B_c169,Bi-NOA-LSTM,60,58,23.05085340156991,15.036196565404424,0.5008595068462773,-0.354185446106267
B_c170,Bi-NOA-LSTM,60,58,44.17724476616483,25.542718412780772,0.8109311428147477,0.12895586257661895
B_c171,Bi-NOA-LSTM,60,58,29.17191575975077,17.52177022410428,0.5645667002367573,0.10709782276754454
B_c172,Bi-NOA-LSTM,60,58,20.546100253280642,13.676980827208784,0.45492972745264354,-1.1244686101755956
B_c173,Bi-NOA-LSTM,60,58,23.860793339442655,15.615638388412258,0.5200587040828443,-0.16411529668403357
B_c174,Bi-NOA-LSTM,60,58,17.45719929600723,13.684231600355819,0.44577578864182327,0.830645028424555
B_c175,Bi-NOA-LSTM,60,58,14.709969477286272,11.532310996062197,0.3817797798091288,0.35490984695945615
B_c176,Bi-NOA-LSTM,60,58,106.43285436954022,51.50040498594087,1.7257915384861648,0.0661207510363998
B_c177,Bi-NOA-LSTM,60,58,22.441905738393974,14.85615567218294,0.4664918793422771,0.7903817905298067
B_c178,Bi-NOA-LSTM,60,58,12.021455802360999,8.214373484819795,0.26944074233760695,0.6016889021236562
B_c179,Bi-NOA-LSTM,60,58,18.542420886112758,11.800067631881506,0.3743050493076451,0.672063762095071
B_c180,Bi-NOA-LSTM,60,58,11.724035994063355,8.04776831645749,0.2689058066985424,0.760168481672435
B_c181,Bi-NOA-LSTM,60,58,19.261229202175887,13.172359048865344,0.424090177968913,0.7781811167253966
A_c001,Bi-NOA-LSTM,180,42,65.92665582848664,62.96920600912912,1.9951193265366092,-1.1950456395798623
A_c002,Bi-NOA-LSTM,180,42,155.94143550925915,105.55123232240227,3.3704825471693427,-0.3642446236055914
A_c003,Bi-NOA-LSTM,180,42,162.42883172817122,98.08897017873127,3.167105510956194,-0.4403538040046546
A_c004,Bi-NOA-LSTM,180,42,23.08804942574135,19.775684375217992,0.6500451106992372,-0.28440144102127896
A_c005,Bi-NOA-LSTM,180,42,48.971419562036864,44.75981842520581,1.4371283017622587,-1.637249346972475
A_c006,Bi-NOA-LSTM,180,42,24.215279394639524,20.32231408022928,0.6886495994249031,-1.0556692106159584
A_c007,Bi-NOA-LSTM,180,42,23.041990492424784,19.312613666716,0.660769773688496,-1.8212465015184867
A_c008,Bi-NOA-LSTM,180,42,20.85665931213554,17.25966903185166,0.5867242537249959,-1.3030019709454685
A_c009,Bi-NOA-LSTM,180,42,25.374116685435478,22.89451450536826,0.7298881083705343,0.04198084095590349
A_c010,Bi-NOA-LSTM,180,42,19.827345844126903,16.650301190766825,0.5333672214683188,0.497299755305898
A_c011,Bi-NOA-LSTM,180,42,41.100196702576625,33.93294047720778,1.0595801489215173,-0.7225785400952811
A_c012,Bi-NOA-LSTM,180,42,16.326109375984192,14.009866335841574,0.4633429882784673,-0.720859738572162
A_c013,Bi-NOA-LSTM,180,42,23.92590857330725,21.893760938371926,0.7417655048489226,-1.3166427754245413
A_c014,Bi-NOA-LSTM,180,42,17.194284039384957,15.032484403773726,0.49084498586084974,-0.9792612090179675
A_c015,Bi-NOA-LSTM,180,42,26.966524187075425,22.445582697114467,0.7302981333344684,-1.5354049500387008
A_c016,Bi-NOA-LSTM,180,42,31.606164136503452,28.400239114016536,0.898234889251698,0.005112196548671344
A_c017,Bi-NOA-LSTM,180,42,16.709232010629552,14.482893204825235,0.47069546063023454,-0.1174987360669908
A_c018,Bi-NOA-LSTM,180,42,223.1058053087985,145.98521151573541,4.633497990978464,-0.4177360084102697
A_c019,Bi-NOA-LSTM,180,42,19.377295432027356,17.227304320417108,0.5690980488850889,-0.38707968243910784
A_c020,Bi-NOA-LSTM,180,42,19.740757376583904,17.86872805706207,0.5831757372188364,-0.08997735313825395
A_c021,Bi-NOA-LSTM,180,42,17.90826353800095,15.992726139613545,0.5194170961689772,-0.13903081359008596
A_c022,Bi-NOA-LSTM,180,42,19.375583969733928,17.59355921260289,0.5728313480369416,-0.4869592609110833
A_c023,Bi-NOA-LSTM,180,42,23.689129043208403,20.16549628433955,0.6545303654532615,-0.010446014520570923
A_c024,Bi-NOA-LSTM,180,42,15.720115368192015,13.604637587193087,0.44410289236070316,0.28502852395106304
A_c025,Bi-NOA-LSTM,180,42,18.796694771229767,13.467028937348868,0.43290106019394836,0.580762933681529
A_c026,Bi-NOA-LSTM,180,42,172.38290434490804,117.08873833756225,3.783261807749673,-0.4298667645575782
A_c027,Bi-NOA-LSTM,180,42,23.936219611773822,21.64555030176076,0.7168763524492078,-1.867800840318718
A_c028,Bi-NOA-LSTM,180,42,17.44365960092654,15.540035545712472,0.5129658517940939,0.11448806541904377
A_c029,Bi-NOA-LSTM,180,42,32.37093758917258,27.81526843639552,0.871333847844597,0.3504821187947672
A_c030,Bi-NOA-LSTM,180,42,24.610065968464,20.339206684802818,0.6334640775458535,0.48607679236908774
A_c031,Bi-NOA-LSTM,180,42,29.830091215976825,26.230931200808556,0.8336040436533484,0.17931347028077393
A_c032,Bi-NOA-LSTM,180,42,18.779173927711252,16.4047344813029,0.5239826774472075,0.5092773203846421
A_c033,Bi-NOA-LSTM,180,42,45.34518447645275,42.18652687690374,1.3097030004926116,0.09142910333549481
A_c034,Bi-NOA-LSTM,180,42,113.52443622962649,88.1032276795887,2.81688377235572,-0.3609018350264812
A_c035,Bi-NOA-LSTM,180,42,15.359293388951272,13.198793258158336,0.4321861089534694,0.1493185836039166
A_c036,Bi-NOA-LSTM,180,42,135.92963182519745,81.9097467399961,2.6634992790516723,-0.6592153650047339
A_c037,Bi-NOA-LSTM,180,42,27.99624145764813,25.557456519063333,0.8030003796818934,0.2869443741769403
A_c038,Bi-NOA-LSTM,180,42,71.77382983743931,54.58669683743432,1.7313964718476207,-0.4718651667081448
A_c039,Bi-NOA-LSTM,180,42,36.27703689298351,33.656194449361124,1.0479658410416541,0.27089937357984484
A_c040,Bi-NOA-LSTM,180,42,129.349639186554,97.42085892849873,3.1414537106517466,-0.4670631367481157
A_c041,Bi-NOA-LSTM,180,42,21.16560388957109,17.01753587559288,0.5351458766377118,0.5476320142193922
A_c042,Bi-NOA-LSTM,180,42,131.99804904648556,98.1543398434594,3.1572075659847854,-0.43214015347656387
A_c043,Bi-NOA-LSTM,180,42,21.465857108724162,17.721125331987682,0.5661670817323821,0.4460552248121602
A_c044,Bi-NOA-LSTM,180,42,27.088283731306397,24.60597546161473,0.7807106800540832,0.304285829730644
A_c045,Bi-NOA-LSTM,180,42,19.60249664827618,17.154623403131453,0.5498023315050002,0.4972489210235066
A_c046,Bi-NOA-LSTM,180,42,131.5591446166164,88.18243040836882,2.860871162897837,-0.35565272349194443
A_c047,Bi-NOA-LSTM,180,42,35.1805535945758,32.27071291249588,1.0052750892734232,0.08901879280963287
A_c048,Bi-NOA-LSTM,180,42,22.81976904689955,20.37978851056777,0.6434183561439983,0.5165430064818102
A_c049,Bi-NOA-LSTM,180,42,133.79093870847075,93.62090972246439,3.040242106474895,-0.5493102276408091
A_c050,Bi-NOA-LSTM,180,42,37.94274462641492,34.7786234939575,1.0915669148105631,0.04119364485222632
A_c051,Bi-NOA-LSTM,180,42,40.99408244466932,36.60254532652353,1.1401975281212844,0.20182155294465853
A_c052,Bi-NOA-LSTM,180,42,148.47918925005112,105.02805988653277,3.37348017240983,-0.4659754970556622
A_c053,Bi-NOA-LSTM,180,42,15.59538656677548,13.089248657807847,0.4204282373859274,0.5567995494720132
A_c054,Bi-NOA-LSTM,180,42,35.7567732369357,31.61112829124811,0.9839233729215668,0.14368032174644607
A_c055,Bi-NOA-LSTM,180,42,31.030825219384116,24.43026115679062,0.7739508763373143,0.007237409520217231
A_c056,Bi-NOA-LSTM,180,42,22.155173889869488,19.410254209027986,0.632826389575785,-2.582341509911992
A_c057,Bi-NOA-LSTM,180,42,44.44857510570726,39.525587652878556,1.234685428764698,-0.6068880890792783
A_c058,Bi-NOA-LSTM,180,42,68.76048466505074,37.306545260838035,1.1768023909283662,0.02857556346839818
A_c059,Bi-NOA-LSTM,180,42,115.30755873420817,90.07981517399378,2.6742389102408253,-0.3641408992203894
A_c060,Bi-NOA-LSTM,180,42,52.421687035157696,42.12614023546488,1.2977167194843224,0.028239066071455876
A_c061,Bi-NOA-LSTM,180,42,64.84638584685288,42.37101758488246,1.3584282296024643,-0.22170575428029204
A_c062,Bi-NOA-LSTM,180,42,35.06402838972263,29.716311122857995,0.957417741345545,-5.041517691416126
A_c063,Bi-NOA-LSTM,180,42,49.2100220612071,44.81026168547137,1.3985321228828036,-0.2885968673017001
A_c064,Bi-NOA-LSTM,180,42,14.726046335759074,10.139317053949247,0.3242153063583625,0.6078479562349889
A_c065,Bi-NOA-LSTM,180,42,25.303477462959265,22.927820027669252,0.768465833828204,-0.7193766279701852
A_c066,Bi-NOA-LSTM,180,42,35.553094677268724,25.174607385326517,0.7812336545435927,-0.07910609380480915
A_c067,Bi-NOA-LSTM,180,42,165.6129790268996,131.5125677844093,4.148862840648696,-0.4479814804897668
A_c068,Bi-NOA-LSTM,180,42,22.61340830337122,21.14809792291549,0.7093699855373596,-0.9236578936033839
A_c069,Bi-NOA-LSTM,180,42,124.17226329232123,88.53892067042761,2.8458919798508715,-0.3772368686584875
A_c070,Bi-NOA-LSTM,180,42,163.7261852876969,117.63247452668688,3.7535664419098413,-0.37051922481187094
A_c071,Bi-NOA-LSTM,180,42,24.283574291387595,22.593686992390968,0.7579735564670582,-0.5592683819161974
A_c072,Bi-NOA-LSTM,180,42,13.967290286020338,11.707796831040122,0.38447636256359125,0.19975548068819937
A_c073,Bi-NOA-LSTM,180,42,23.091893511848475,19.123776044137166,0.6241547001842936,-0.6012072488963793
A_c074,Bi-NOA-LSTM,180,42,39.041507341897926,30.01487950519379,0.9926264334950037,-0.18585728261102408
A_c075,Bi-NOA-LSTM,180,42,131.7018413147252,106.19947322823664,3.2984580880866767,-0.39743836425764734
A_c076,Bi-NOA-LSTM,180,42,13.476660066896875,11.079957753499343,0.3644220278175717,0.20663666971100192
A_c077,Bi-NOA-LSTM,180,42,26.94706294386527,24.818562704031812,0.8302057179314151,-0.6793187972831296
A_c078,Bi-NOA-LSTM,180,42,33.97823478980927,32.44400366632369,1.083500491904241,-1.406106742849011
A_c079,Bi-NOA-LSTM,180,42,30.907312365731446,27.77560672469366,0.9315402848367358,-1.3525346376388323
A_c080,Bi-NOA-LSTM,180,42,23.28672785120294,21.41114368947348,0.7220138296311941,-0.5401271991006553
A_c081,Bi-NOA-LSTM,180,42,142.66936080857613,106.57676433752151,3.4127879243881485,-0.4347530837513671
A_c082,Bi-NOA-LSTM,180,42,28.635644533400328,25.590616858200818,0.8027453035739124,0.21114525190477273
A_c083,Bi-NOA-LSTM,180,42,36.90513074522732,34.0357142272949,1.1455040653370414,-1.1460622903083664
A_c084,Bi-NOA-LSTM,180,42,198.46553415409667,172.79274462803423,5.171126053418905,-0.6285378017149137
A_c085,Bi-NOA-LSTM,180,42,23.95404549713235,21.29029432133266,0.7100699082277508,-0.22433725407621408
A_c086,Bi-NOA-LSTM,180,42,28.228514755475302,25.32332538343155,0.8454694729023305,-0.9611493363281887
A_c087,Bi-NOA-LSTM,180,42,26.429055223109323,24.4205648072742,0.8154263589806446,-0.8424248179460825
A_c088,Bi-NOA-LSTM,180,42,28.155602925989893,26.504985859316857,0.8829778335281516,-1.6801533744095614
A_c089,Bi-NOA-LSTM,180,42,23.44864773587416,22.1017118995303,0.7395456699630472,-0.9216766860848984
A_c090,Bi-NOA-LSTM,180,42,14.067212135876302,11.490829755365255,0.3759686169023455,0.07510470130327218
A_c091,Bi-NOA-LSTM,180,42,24.53406183374784,22.888471935817165,0.7689340809086891,-0.8886979566789814
A_c092,Bi-NOA-LSTM,180,42,32.583407704601896,29.35926856166297,0.9162534133457856,0.2321869695473192
A_c093,Bi-NOA-LSTM,180,42,26.013731843651136,23.80179955989292,0.7900682100327078,-0.922816171032407
A_c094,Bi-NOA-LSTM,180,42,17.32344473010586,15.782148516555049,0.5295652488652685,-0.24004053497307054
A_c095,Bi-NOA-LSTM,180,42,14.029259188190252,12.057295951189317,0.39915712019795696,0.005398693950258604
A_c096,Bi-NOA-LSTM,180,42,16.09072913195711,13.563612567865249,0.44358442846292295,-0.20478452157644322
A_c097,Bi-NOA-LSTM,180,42,31.396388709157694,28.3064787607829,0.9503544340138812,-0.756445990270699
A_c098,Bi-NOA-LSTM,180,42,37.86159850554533,35.799486558242094,1.1284966430918077,-0.10940401533221755
A_c099,Bi-NOA-LSTM,180,42,19.20124769848858,15.091582817222967,0.4855427003260438,0.2650158966086773
A_c100,Bi-NOA-LSTM,180,42,33.11198873306739,30.648709267243834,1.034859271138992,-0.6833149783457189
A_c101,Bi-NOA-LSTM,180,42,15.743309290349412,13.38691314014253,0.43758965353279833,0.028515556183095203
A_c102,Bi-NOA-LSTM,180,42,15.361688672155923,13.43515307006841,0.4388855639533386,-0.1287913565898846
A_c103,Bi-NOA-LSTM,180,42,28.297613645154456,25.938840352521627,0.8759764014477635,-0.8179234949083456
A_c104,Bi-NOA-LSTM,180,42,143.6737730975215,104.68995258265905,3.3508492105639798,-0.4271868934328076
A_c105,Bi-NOA-LSTM,180,42,17.53207085343022,15.190340916152223,0.49745896415278784,-0.11761142406201008
A_c106,Bi-NOA-LSTM,180,42,29.0584257601335,26.657607086399643,0.8971082977390146,-1.5384796839934167
A_c107,Bi-NOA-LSTM,180,42,29.728874190848774,27.52320854513984,0.935017846178757,-1.5469982692062652
A_c108,Bi-NOA-LSTM,180,42,32.98265899335166,30.307846610368973,1.020339249129276,-1.8924669525558602
A_c109,Bi-NOA-LSTM,180,42,24.140367493678056,21.8324757726034,0.737794375860581,-0.6142636413502005
A_c110,Bi-NOA-LSTM,180,42,27.082786428321814,24.307371246555903,0.8248646236418196,-1.0943393202737792
A_c111,Bi-NOA-LSTM,180,42,24.782712470266404,22.428593453979488,0.75995793848932,-1.1888628956068308
A_c112,Bi-NOA-LSTM,180,42,49.22791718705152,44.43072870301743,1.481822909640446,-0.9947111417376007
A_c113,Bi-NOA-LSTM,180,42,30.84721698552212,27.807174632408543,0.9447791997439373,-3.0607211377766106
A_c114,Bi-NOA-LSTM,180,42,16.219231404377012,11.914799542672304,0.3984772574526094,-0.49718249040097673
A_c115,Bi-NOA-LSTM,180,42,30.05679599187159,27.159818271382616,0.9218579893098608,-1.3819360075502236
A_c116,Bi-NOA-LSTM,180,42,166.8364887519218,133.3633568028041,4.114953843327731,-0.44767281986287366
A_c117,Bi-NOA-LSTM,180,42,35.82559361343772,34.53418292483376,1.135249672659014,-1.3941622000420457
A_c118,Bi-NOA-LSTM,180,42,20.045064994093785,17.49600559888569,0.5965572055835539,-1.0983459345555961
A_c119,Bi-NOA-LSTM,180,42,24.238811606586818,22.096365982709596,0.74913499121997,-1.4245722255376663
A_c120,Bi-NOA-LSTM,180,42,25.934772434996198,23.778937172299333,0.7983318629317337,-0.6789189699823011
A_c121,Bi-NOA-LSTM,180,42,63.78411926901123,46.37483379756382,1.52441156475569,-5.106846113768816
A_c122,Bi-NOA-LSTM,180,42,18.700162537710327,15.780107238333569,0.5056260086274704,0.08412152280810392
A_c123,Bi-NOA-LSTM,180,35,43.7020775390971,39.02028722011016,1.234127106225733,-1.8749447091007139
A_c124,Bi-NOA-LSTM,180,35,84.48666771267042,64.21789107256213,2.0455139879179463,-0.7909485971977745
A_c125,Bi-NOA-LSTM,180,42,30.498492586379683,27.073488899230927,0.925590639655064,-1.0060581153198562
A_c126,Bi-NOA-LSTM,180,42,122.82343584389199,87.91820769406273,2.8231134577846975,-0.40700607832076185
A_c127,Bi-NOA-LSTM,180,42,142.59798620243188,107.77227308371411,3.3899090833028076,-0.6218410411121049
A_c128,Bi-NOA-LSTM,180,42,18.019565546725232,14.181075560651513,0.451058226859422,0.7019681414490903
A_c129,Bi-NOA-LSTM,180,42,95.97919877597727,72.626716032555,2.303540135804265,-0.495108908138135
A_c130,Bi-NOA-LSTM,180,42,211.75701221408238,145.01514858006067,4.552992693729371,-0.5305295790141342
A_c131,Bi-NOA-LSTM,180,42,37.85793057755009,35.50234040600006,1.1044411882643042,0.2877972980430047
A_c132,Bi-NOA-LSTM,180,42,139.15172762172134,102.44612842058456,3.2657883076255763,-0.379471038467168
A_c133,Bi-NOA-LSTM,180,42,19.55896477432137,17.897426482137,0.5943689004138158,-0.024126344475399852
A_c134,Bi-NOA-LSTM,180,42,187.4269385929084,128.65045652385894,3.974618819735819,-0.49168060883782405
A_c135,Bi-NOA-LSTM,180,42,31.611479530661825,28.905211694771946,0.9820123212821056,-1.5417279788595826
A_c136,Bi-NOA-LSTM,180,42,29.295251425738215,25.972450214349717,0.8063471910843353,0.2681038945229204
A_c137,Bi-NOA-LSTM,180,42,44.41229486020759,40.38231080816362,1.2584655839629615,0.04693197695410123
A_c138,Bi-NOA-LSTM,180,42,23.108250664704293,20.61718817719957,0.6467905919935248,0.5386550771435588
A_c139,Bi-NOA-LSTM,180,42,56.79379352666719,53.750865736389166,1.6719945361557325,-0.5097605841013062
A_c140,Bi-NOA-LSTM,180,42,128.39476485059978,104.33953355029877,3.3275557370735656,-0.44586338017438876
A_c141,Bi-NOA-LSTM,180,42,31.554573925941867,28.487920036606564,0.9635606616064305,-1.5470715879579933
A_c142,Bi-NOA-LSTM,180,42,25.846007745022185,24.281905350676055,0.822348889178981,-1.0905771721168356
A_c143,Bi-NOA-LSTM,180,42,16.494395587150603,14.73549611336852,0.4868597590294445,-0.19966840404993413
A_c144,Bi-NOA-LSTM,180,42,30.258552923974353,27.256409234764497,0.84832989092136,0.33571162500932594
A_c145,Bi-NOA-LSTM,180,42,23.803682424627755,21.6216219823201,0.6918581207433547,0.3541153124286971
A_c146,Bi-NOA-LSTM,180,42,149.99717042102967,110.14098516758507,3.5027754835652716,-0.487829141201618
A_c147,Bi-NOA-LSTM,180,42,28.46029747686522,22.723246138509115,0.7173807485629781,0.014765296049027654
A_c148,Bi-NOA-LSTM,180,42,26.377141061218744,23.742321411714137,0.756140702557966,0.2410706820210542
A_c149,Bi-NOA-LSTM,180,42,25.2960547358656,22.819265814935594,0.7194242521554953,0.4142112734044735
A_c150,Bi-NOA-LSTM,180,42,26.636444633056062,24.471079461451964,0.7742157122753335,0.33193986508890116
A_c151,Bi-NOA-LSTM,180,42,24.498652649942528,22.566519344802074,0.710355984676711,0.35120367760113425
A_c152,Bi-NOA-LSTM,180,42,149.20547059105698,118.86601865321563,3.7314773283948215,-0.5075840071357394
A_c153,Bi-NOA-LSTM,180,42,45.223748456354656,42.429106978062215,1.3171429981338907,-0.11384599684423491
A_c154,Bi-NOA-LSTM,180,42,33.12310414580105,31.16113611995158,1.0465320067121964,-1.4228230349184354
A_c155,Bi-NOA-LSTM,180,42,14.384201069302122,11.118721541268473,0.36163498894885027,0.4865869159755546
A_c156,Bi-NOA-LSTM,180,42,17.328091801253645,14.355930520411857,0.47241549690513845,0.39659097869207693
A_c157,Bi-NOA-LSTM,180,42,14.060297116637834,10.194580513291136,0.3340460223631662,0.6051712294275634
A_c158,Bi-NOA-LSTM,180,42,22.5545603313989,20.18471795923143,0.6369908589114661,0.5320348746974777
A_c159,Bi-NOA-LSTM,180,42,22.131547090322623,19.026310009111704,0.5963002100393018,0.584393446757381
A_c160,Bi-NOA-LSTM,180,42,29.037279648111415,26.29386378253759,0.83122435421242,0.32612288447214366
A_c161,Bi-NOA-LSTM,180,42,26.045274033954513,23.708799481564487,0.7436643179050124,0.20246145474691601
A_c162,Bi-NOA-LSTM,180,42,138.30583726242477,108.74260501091362,3.4743387073452072,-0.3836096184049671
A_c163,Bi-NOA-LSTM,180,42,146.01954353202973,105.5595510762532,3.35253032889202,-0.46836510164739376
A_c164,Bi-NOA-LSTM,180,42,111.97888360741254,66.93657275957379,2.171879941978663,-0.4787490474546854
A_c165,Bi-NOA-LSTM,180,42,20.281389646371103,14.367856642150864,0.46639741892431097,0.42287735050020847
A_c166,Bi-NOA-LSTM,180,42,15.36061189559195,13.607771681867378,0.44917669278497707,0.09877542292397812
A_c167,Bi-NOA-LSTM,180,42,16.516732016019905,13.168192144048781,0.4246408632378236,0.4636646381913393
A_c168,Bi-NOA-LSTM,180,42,22.551118811396815,17.2693628013974,0.5714923042183244,-1.2315196147374952
A_c169,Bi-NOA-LSTM,180,42,50.967344300843166,47.87688326517741,1.4936188111456976,-0.3757985809775759
A_c170,Bi-NOA-LSTM,180,42,174.01752834084743,134.13129492180232,4.142601873327328,-0.5610884955276609
A_c171,Bi-NOA-LSTM,180,42,15.52292278786928,13.61056156950448,0.4429076369464554,0.04625453419715775
A_c172,Bi-NOA-LSTM,180,42,26.862950477578647,22.831611744326594,0.7484881227064828,-0.8498375162507603
A_c173,Bi-NOA-LSTM,180,42,53.54080829499669,50.015678831263976,1.5541581144923318,-0.8423636982069982
A_c174,Bi-NOA-LSTM,180,42,28.09778005218316,25.07536308608283,0.7956440822603359,0.21232021837105486
A_c175,Bi-NOA-LSTM,180,42,44.0218569602222,39.25134227767215,1.224041242205481,-0.04330426718629998
A_c176,Bi-NOA-LSTM,180,42,114.88934597913239,83.45841855352491,2.6089045255128904,-0.5759037112428691
A_c177,Bi-NOA-LSTM,180,42,16.53434151083415,11.313370903741752,0.38076560905270823,0.2938642779687122
A_c178,Bi-NOA-LSTM,180,42,18.716727359484356,10.919631997535296,0.37297866136045765,-0.04538727309527668
A_c179,Bi-NOA-LSTM,180,42,15.326791675030888,9.568528699602437,0.3108474259368489,0.4774556906933838
A_c180,Bi-NOA-LSTM,180,42,27.568737359399073,25.40995104769755,0.8579581389646609,-1.4888668219454773
A_c181,Bi-NOA-LSTM,180,42,22.99823277367645,19.56308290245416,0.6662793473859003,-1.0448196424144132
B_c001,Bi-NOA-LSTM,180,42,208.11319634338645,176.6449466626848,5.333717324370248,-4.590599704273806
B_c002,Bi-NOA-LSTM,180,42,36.86402433749305,32.12617722400487,0.9990200649476977,0.25009868420185777
B_c003,Bi-NOA-LSTM,180,42,28.86934948496273,24.660625500197646,0.779393115642922,0.21788493138557719
B_c004,Bi-NOA-LSTM,180,42,34.389235055455735,31.569173362804577,0.9707136100435224,0.377569926886582
B_c005,Bi-NOA-LSTM,180,42,14.077701160722023,11.318314971851155,0.3854201603809826,0.1932487895139784
B_c006,Bi-NOA-LSTM,180,42,39.60670940226455,37.737329922994,1.1784908566390921,-0.051544233899753156
B_c007,Bi-NOA-LSTM,180,42,32.33896455762963,29.57173195749919,0.9270975299454063,0.24816648543405517
B_c008,Bi-NOA-LSTM,180,42,23.11383973148424,19.80458044448128,0.6304028715314931,0.49584273441192117
B_c009,Bi-NOA-LSTM,180,42,41.43891494644399,39.287974992370614,1.2268833970152786,0.07934108575610277
B_c010,Bi-NOA-LSTM,180,42,25.36882323875413,21.96663442324686,0.6957526605692522,0.5203843806500497
B_c011,Bi-NOA-LSTM,180,42,118.06900251174557,93.20125185292565,2.8133854506452947,-0.31489615279571725
B_c012,Bi-NOA-LSTM,180,42,32.849799352696,30.365515195283418,0.9585998554899919,0.18621801865939291
B_c013,Bi-NOA-LSTM,180,42,29.468821722862643,26.764090726434627,0.8347061209443865,0.5714877880666045
B_c014,Bi-NOA-LSTM,180,42,40.810205694211135,37.570418410673604,1.1660119355811338,-0.03587005031470647
B_c015,Bi-NOA-LSTM,180,42,32.46675735025718,29.879437973821705,0.9437333993994798,0.1847968483672936
B_c016,Bi-NOA-LSTM,180,42,61.97145042316523,48.75499117533367,1.5872836175514362,-34.315865080806596
B_c017,Bi-NOA-LSTM,180,42,47.53365886960024,42.5866326931908,1.3080216624223786,0.2626195325698282
B_c018,Bi-NOA-LSTM,180,42,51.373562762598056,48.362790416463184,1.4934467418631832,-0.2758905696426741
B_c019,Bi-NOA-LSTM,180,42,42.11986168266088,39.49514092385427,1.2327347790618306,-0.2200856748108979
B_c020,Bi-NOA-LSTM,180,42,97.12073160657977,68.27025855560301,2.1087203092998346,-0.27179899265035523
B_c021,Bi-NOA-LSTM,180,42,117.52488706493338,79.13239429844447,2.4419949386605784,-0.23238859118426247
B_c022,Bi-NOA-LSTM,180,42,31.92748163837093,27.041679348173577,0.8477924156391509,0.24781014183129446
B_c023,Bi-NOA-LSTM,180,42,37.387530091743585,33.32407715286979,1.056205516771705,-0.09330175049544631
B_c024,Bi-NOA-LSTM,180,42,49.11859536490686,46.28375811338879,1.4467830823943693,-0.2887875543854086
B_c025,Bi-NOA-LSTM,180,42,27.82188177615622,24.99803161512106,0.7886977114292985,0.36570951958666575
B_c026,Bi-NOA-LSTM,180,42,53.06015604375445,50.58339649185906,1.5570617200548873,-0.4946610511232581
B_c027,Bi-NOA-LSTM,180,42,67.29336871311641,57.04600391736709,1.9323842754778724,-48.703887428525526
B_c028,Bi-NOA-LSTM,180,42,50.236838056216,47.71225859694701,1.4559763018340262,-0.3167901806907871
B_c029,Bi-NOA-LSTM,180,42,33.7151791983706,31.142652310543998,0.9477772669402602,0.12497349009681269
B_c030,Bi-NOA-LSTM,180,42,32.536925360796765,29.792631760878752,0.9461393281122703,-0.7088535782570211
B_c031,Bi-NOA-LSTM,180,42,79.27288564189023,65.04717219507127,2.1654697545138966,-66.10603839722816
B_c032,Bi-NOA-LSTM,180,42,53.52862463190351,50.96149640575593,1.579024983862342,-0.548963727172036
B_c033,Bi-NOA-LSTM,180,42,45.68595296638279,42.86401160205658,1.3238069212491301,-0.10870874639825145
B_c034,Bi-NOA-LSTM,180,42,41.92851972931699,39.00874174528577,1.2062886019342764,0.31692170648679185
B_c035,Bi-NOA-LSTM,180,42,25.61550723140882,23.527371330987844,0.7906589550224983,-0.35113305272977224
B_c036,Bi-NOA-LSTM,180,42,16.147543050084646,14.179534642028834,0.4834184213832924,0.08425095207081479
B_c037,Bi-NOA-LSTM,180,42,26.93701090254399,23.605604470243904,0.7230843939869772,0.3543359312999337
B_c038,Bi-NOA-LSTM,180,42,66.31409585135773,61.53969188217887,1.8746091308771096,-0.6264410739288284
B_c039,Bi-NOA-LSTM,180,42,67.55439184969921,60.881887439836774,1.8558331767889475,-0.22339527548756366
B_c040,Bi-NOA-LSTM,180,42,105.13456090478057,67.71990756966727,2.0856712435330556,-0.2350417594672478
B_c041,Bi-NOA-LSTM,180,42,97.2587169850602,77.29150919734417,2.5408379980402374,-76.57237341994848
B_c042,Bi-NOA-LSTM,180,42,64.15853049838199,61.7062583360218,1.89924719807888,-1.2867847220758573
B_c043,Bi-NOA-LSTM,180,42,74.11116265646378,57.52933874845961,1.9330067284443884,-45.91991621324652
B_c044,Bi-NOA-LSTM,180,42,36.419503791129465,33.70462720075333,1.0506191786922252,0.17175440623883564
B_c045,Bi-NOA-LSTM,180,42,33.74903354018987,31.33787729826424,0.9956435438068721,-0.22562711101415323
B_c046,Bi-NOA-LSTM,180,42,96.18494333878635,87.30521168321884,2.6423550720918882,-0.48010085731457464
B_c047,Bi-NOA-LSTM,180,42,40.78548078555224,37.892471948169515,1.1843734475237353,-0.08812204327301743
B_c048,Bi-NOA-LSTM,180,42,61.93311132984702,48.284801312691854,1.5397808299457088,-22.5004336048238
B_c049,Bi-NOA-LSTM,180,42,52.74325229562421,42.821923109145345,1.4348042492429234,-32.30269880113852
B_c050,Bi-NOA-LSTM,180,42,28.086232563564753,22.837792480759383,0.7602532836777244,-9.60575646022417
B_c051,Bi-NOA-LSTM,180,42,59.461704150296974,49.07651883203411,1.641162253132919,-44.621886082510024
B_c052,Bi-NOA-LSTM,180,42,25.708001430533827,23.441792268662194,0.7880692978514863,-0.3844436168715428
B_c053,Bi-NOA-LSTM,180,42,14.26125504177022,10.398351297069722,0.339852645224968,-0.39685112958706403
B_c054,Bi-NOA-LSTM,180,42,24.683101723177714,19.49105056239541,0.6419890396183946,-3.0258664420138874
B_c055,Bi-NOA-LSTM,180,42,20.797386840085426,17.992050339181084,0.6074367044574728,-0.6565814490578912
B_c056,Bi-NOA-LSTM,180,42,26.142851285504925,23.23643406858896,0.7875645754871594,-1.2257100560616743
B_c057,Bi-NOA-LSTM,180,42,43.591034939395904,37.10139574003676,1.1872598481833803,-12.508131601810803
B_c058,Bi-NOA-LSTM,180,42,28.94424433588839,26.29803014737085,0.8480645219327402,0.024819928705279604
B_c059,Bi-NOA-LSTM,180,42,48.31710748663494,40.57043969886416,1.379712883993288,-12.139243338163178
B_c060,Bi-NOA-LSTM,180,42,35.226302512166086,32.19384036872499,1.001822744117222,0.1693074509935223
B_c061,Bi-NOA-LSTM,180,42,24.949451178192067,21.905914439610054,0.7233821953459688,-1.255421014537105
B_c062,Bi-NOA-LSTM,180,42,21.01831953263037,16.795837502179815,0.5420209677520849,-0.9211822060251946
B_c063,Bi-NOA-LSTM,180,42,79.00462395848105,61.77541003890267,2.0679500650912312,-43.15372533084567
B_c064,Bi-NOA-LSTM,180,42,47.50168382230828,45.2278205086844,1.4089117836142089,-0.3361005321069661
B_c065,Bi-NOA-LSTM,180,42,26.801344140078168,24.025728231084933,0.7568139687172487,0.3267386960837255
B_c066,Bi-NOA-LSTM,180,42,109.085640486052,84.24668262656076,2.8407704140369066,-45.105325089154334
B_c067,Bi-NOA-LSTM,180,42,35.06146904187591,32.5900928833008,1.0285775186740131,-0.18002452528106438
B_c068,Bi-NOA-LSTM,180,42,22.64892535009381,19.269904600306894,0.6264175905494808,0.12921926875380807
B_c069,Bi-NOA-LSTM,180,42,63.06196764123513,60.04972061535064,1.840352073753538,-0.1732621487213435
B_c070,Bi-NOA-LSTM,180,42,166.5200392062207,153.77322640795032,4.600278717983007,-0.8334273259900862
B_c071,Bi-NOA-LSTM,180,42,132.38965871472683,120.60522734992621,3.573827678834366,-0.607868624503932
B_c072,Bi-NOA-LSTM,180,42,40.635910813781386,38.14720736643473,1.186540398889023,-0.1857511325990906
B_c073,Bi-NOA-LSTM,180,42,37.48619078308167,34.70423879736043,1.1055074907106182,-0.024856730154981577
B_c074,Bi-NOA-LSTM,180,42,71.0716630623142,56.006078689720496,1.8501917448833627,-20.746313019379375
B_c075,Bi-NOA-LSTM,180,42,103.88305494977747,88.2227224620274,2.805445542097568,-25.408181530946266
B_c076,Bi-NOA-LSTM,180,42,46.09134743636775,39.91607130214149,1.3387237253116735,-5.727538660222325
B_c077,Bi-NOA-LSTM,180,42,24.49833128877136,21.75582326718281,0.7011068670329073,0.32421957473125984
B_c078,Bi-NOA-LSTM,180,42,31.328157832876865,26.02846655564081,0.8401332686942762,-1.7984447077418366
B_c079,Bi-NOA-LSTM,180,42,46.39503728433422,44.242526141212146,1.3861821577940026,-0.4971972830494047
B_c080,Bi-NOA-LSTM,180,42,73.02011057021345,70.83514707619806,2.1802897949873707,-0.767185913379212
B_c081,Bi-NOA-LSTM,180,42,97.44660585161557,75.43760571659628,2.533036003635113,-89.36429373760838
B_c082,Bi-NOA-LSTM,180,42,14.277468455058571,10.028752680969266,0.32912901545445494,-0.28528518006904924
B_c083,Bi-NOA-LSTM,180,42,35.62321957654476,31.889934984043702,0.9874031778523267,0.045193208636095106
B_c084,Bi-NOA-LSTM,180,42,32.11084513567883,29.14854334862123,0.9349075155674683,0.024327288996257468
B_c085,Bi-NOA-LSTM,180,42,40.79041871662747,33.74802036932082,1.0822386963125812,-10.14557208015772
B_c086,Bi-NOA-LSTM,180,42,55.294081632426874,50.53109940592452,1.5569050595692342,-0.24144347360139484
B_c087,Bi-NOA-LSTM,180,42,66.89546248369399,63.83643172556562,1.960591676801467,-0.6345186404063539
B_c088,Bi-NOA-LSTM,180,42,74.21577387478247,58.13372814585372,1.978672796575765,-52.30682663027777
B_c089,Bi-NOA-LSTM,180,42,76.24078500662931,60.24940896882555,2.0368680197856546,-58.07980347554363
B_c090,Bi-NOA-LSTM,180,42,146.84826166601414,129.48104636462986,3.861612372393212,-0.6572700597762797
B_c091,Bi-NOA-LSTM,180,42,136.09587305921036,123.16558216029574,4.155517794769137,-8.54083301106001
B_c092,Bi-NOA-LSTM,180,42,56.27288657650555,48.861776676795586,1.5449728277125057,-0.3586482436761276
B_c093,Bi-NOA-LSTM,180,42,33.69289205175413,31.144067591930547,0.9841345856458511,0.19911847989081244
B_c094,Bi-NOA-LSTM,180,42,98.49575715227752,85.54598316228957,2.608127223364375,-0.4108600378302336
B_c095,Bi-NOA-LSTM,180,42,60.67032633403752,47.82024475054055,1.557827134968057,-25.79920615487643
B_c096,Bi-NOA-LSTM,180,42,46.97738316771161,38.216226257178924,1.24383148385486,-14.926636595010518
B_c097,Bi-NOA-LSTM,180,42,26.240112541369054,24.398984586806524,0.7866559722829248,-3.8208744454344927
B_c098,Bi-NOA-LSTM,180,42,35.281259042901226,28.660493611580968,0.9424539140297304,-9.596626861551174
B_c099,Bi-NOA-LSTM,180,42,27.651421016507847,25.10139353971935,0.7889625364855716,0.46665148519468536
B_c100,Bi-NOA-LSTM,180,42,48.790326635280564,45.43268858504525,1.4062825138948112,-0.44440927593576074
B_c101,Bi-NOA-LSTM,180,42,41.19264742150562,38.3211394476028,1.1936815123512694,-0.15181266562023432
B_c102,Bi-NOA-LSTM,180,42,22.397784805026532,18.615537248593334,0.5955100568988738,0.43535171942828466
B_c103,Bi-NOA-LSTM,180,42,43.34039435867199,39.83728924960181,1.2687917301746015,-0.4182154879525797
B_c104,Bi-NOA-LSTM,180,42,27.341758149263086,24.497291758728014,0.7706488661217032,0.33540593888777503
B_c105,Bi-NOA-LSTM,180,42,33.52427578792194,30.21716926625567,0.9714435624965805,-0.252720672796483
B_c106,Bi-NOA-LSTM,180,42,19.23712549723799,16.05192602706184,0.522236022274259,0.06215958411920819
B_c107,Bi-NOA-LSTM,180,42,96.51582958295748,66.54471510373068,2.077531450374303,-0.23752421142204216
B_c108,Bi-NOA-LSTM,180,42,14.611830597762118,9.314892155456496,0.30061287109152296,-0.49118901655293246
B_c109,Bi-NOA-LSTM,180,42,82.36826976782311,68.2162912367321,2.2438306870911187,-75.08517269368939
B_c110,Bi-NOA-LSTM,180,42,28.34003831595869,23.049296681140703,0.737338636822062,-4.49349776253531
B_c111,Bi-NOA-LSTM,180,42,28.463915200427877,25.62404418625609,0.8223553001725777,-3.888239541829729
B_c112,Bi-NOA-LSTM,180,42,44.230941851081916,41.145913577052546,1.3183944530003031,-0.43231773454387556
B_c113,Bi-NOA-LSTM,180,42,34.83488376495705,31.35901502888995,1.0037608363984656,-0.14451463565777556
B_c114,Bi-NOA-LSTM,180,42,48.60462627720076,46.07518253958562,1.4205581178451059,-0.40112836512738403
B_c115,Bi-NOA-LSTM,180,42,36.659123770140965,32.94982478434239,1.015461693982606,0.20905513765772177
B_c116,Bi-NOA-LSTM,180,42,27.72146202210988,24.832038035801503,0.7961866983877127,-0.18793646121072682
B_c117,Bi-NOA-LSTM,180,42,41.513432466147904,39.06617607915971,1.2305228811323752,-0.4676139198049982
B_c118,Bi-NOA-LSTM,180,42,86.42735393862287,69.70206274435859,2.1543874145492308,-0.21666761537037837
B_c119,Bi-NOA-LSTM,180,42,32.41917176651464,29.76414761323473,0.9315779175731509,0.27339999991499153
B_c120,Bi-NOA-LSTM,180,42,20.471477900361787,17.512609837922618,0.5713388393413836,0.1922291281915568
B_c121,Bi-NOA-LSTM,180,42,40.601028542145364,36.89689334411622,1.142543181483568,0.19383693635612909
B_c122,Bi-NOA-LSTM,180,42,43.21241881880376,40.45032212480814,1.2250632251367002,0.29544601160532846
B_c123,Bi-NOA-LSTM,180,42,18.133294300899884,15.82013200865245,0.5272462508144368,-0.2464903792191513
B_c124,Bi-NOA-LSTM,180,42,72.20460935148587,60.16025459507534,1.9284158985064266,-12.37585398298316
B_c125,Bi-NOA-LSTM,180,42,46.580611579872695,38.482460448710114,1.2712165826068806,-2.088627740169871
B_c126,Bi-NOA-LSTM,180,42,37.95710566857078,35.95381434129985,1.172896043009117,-4.622252856102422
B_c127,Bi-NOA-LSTM,180,42,18.985405838898533,17.30856508294971,0.5656330600321008,-1.558970338883341
B_c128,Bi-NOA-LSTM,180,42,157.95426984938277,153.12366909724642,5.026884893865457,-2.1332609635917943
B_c129,Bi-NOA-LSTM,180,42,65.18373994822976,50.278546419052866,1.6076060985831864,-26.655983745243528
B_c130,Bi-NOA-LSTM,180,42,35.9466695745233,32.440256409635914,1.0274891799410226,0.04797851103875639
B_c131,Bi-NOA-LSTM,180,42,193.9154005183039,154.28290047338575,5.138227518437403,-1.5532939982646243
B_c132,Bi-NOA-LSTM,180,42,15.716126479653918,13.490202862040238,0.43951326085812004,0.11854684401575522
B_c133,Bi-NOA-LSTM,180,42,75.86912268134961,62.035389171200755,2.0795719459850917,-74.12104438715811
B_c134,Bi-NOA-LSTM,180,42,80.26126797380745,65.93288360755552,2.1079749360007534,-47.27466025627996
B_c135,Bi-NOA-LSTM,180,42,25.717141503107772,22.636773191615532,0.7360026946066937,-0.3642797659159005
B_c136,Bi-NOA-LSTM,180,42,107.88104765578981,84.66245439118883,2.8164368561496205,-0.9708033835047258
B_c137,Bi-NOA-LSTM,180,42,38.92875337779756,33.95214655173168,1.0830078614176066,-0.03672449452064552
B_c138,Bi-NOA-LSTM,180,42,168.28712623626308,136.79163986874534,4.537779809987671,-1.4549946058012786
B_c139,Bi-NOA-LSTM,180,42,147.50245472538813,114.54158364323209,3.8251702982438793,-1.2714570983193223
B_c140,Bi-NOA-LSTM,180,42,17.741445243080417,14.715477325148806,0.472476953441157,0.4288203220452135
B_c141,Bi-NOA-LSTM,180,42,32.23727673268351,29.03029876360216,0.9454336610834538,-0.4727797877744029
B_c142,Bi-NOA-LSTM,180,42,29.403672818924573,24.122703706069252,0.7888650455369342,-5.463715537638273
B_c143,Bi-NOA-LSTM,180,42,46.754764836160945,43.34470977194652,1.348627685622815,-0.33751870756693614
B_c144,Bi-NOA-LSTM,180,42,87.33402214356119,73.51388621695388,2.4624993985632346,-1.209041120944328
B_c145,Bi-NOA-LSTM,180,42,49.27214352434812,39.35699975600466,1.27479211062234,-16.249291176781043
B_c146,Bi-NOA-LSTM,180,42,40.67717258621136,31.773449830264102,1.0579890459310424,-16.540010430490817
B_c147,Bi-NOA-LSTM,180,42,42.06092065395978,35.73793599177769,1.1995014686777303,-23.968558824460743
B_c148,Bi-NOA-LSTM,180,42,82.38553837300256,63.5476142031715,2.027300130492616,-44.60234992204966
B_c149,Bi-NOA-LSTM,180,42,33.87061130920017,28.83360992075601,0.9268576691446172,-6.381092421924222
B_c150,Bi-NOA-LSTM,180,42,14.236715070505396,11.529519904363715,0.3769340259918826,0.2945079519775048
B_c151,Bi-NOA-LSTM,180,42,36.30332037007076,33.71288218311123,1.052531405237109,0.2597044203491611
B_c152,Bi-NOA-LSTM,180,42,15.961309100916504,11.374691916983492,0.38243338775472907,-2.004281401130086
B_c153,Bi-NOA-LSTM,180,42,27.440989580175472,23.597084400358664,0.7552508409283277,-4.0677167562292205
B_c154,Bi-NOA-LSTM,180,42,14.883815983799394,12.635977890160007,0.4141460641783825,0.1360646695384613
B_c155,Bi-NOA-LSTM,180,42,13.285894183790006,10.047737417384576,0.3299901161374851,0.44080133003953836
B_c156,Bi-NOA-LSTM,180,42,14.14348492326471,11.455835549345483,0.3689416914488813,0.12691683334963832
B_c157,Bi-NOA-LSTM,180,42,89.50747940872061,69.18813093516027,2.249740628677703,-51.93199250102475
B_c158,Bi-NOA-LSTM,180,42,231.1149825188046,178.23618620372952,5.948381806123398,-1.3963856022500831
B_c159,Bi-NOA-LSTM,180,42,48.34679169454932,44.86937283615834,1.3893777328891541,-0.022832609425191164
B_c160,Bi-NOA-LSTM,180,42,124.62485376802623,97.67304722638806,3.194485318965888,-1.8182626672127484
B_c161,Bi-NOA-LSTM,180,42,35.91711638257208,33.57285630456831,1.0445071134210913,0.1456597533499535
B_c162,Bi-NOA-LSTM,180,42,27.34836099701949,21.83806767708912,0.7080612026478407,-4.020971251157342
B_c163,Bi-NOA-LSTM,180,42,24.460528569486968,21.774513027590793,0.6883343685141636,0.46801332593603484
B_c164,Bi-NOA-LSTM,180,42,33.1793743512871,29.540380484154074,0.9262843543430207,0.38831678821827553
B_c165,Bi-NOA-LSTM,180,42,213.89918611394074,164.6002121926444,5.532560151912904,-1.3876414112207365
B_c166,Bi-NOA-LSTM,180,42,16.19510480096029,12.043149731372692,0.3861579731219479,-0.09922114410090987
B_c167,Bi-NOA-LSTM,180,42,74.4481674027954,54.64083672761465,1.8296067063415127,-57.918904820559035
B_c168,Bi-NOA-LSTM,180,42,46.227402830001616,37.497035117303746,1.1993811336082492,-11.552832249281836
B_c169,Bi-NOA-LSTM,180,42,40.2081994122771,33.057092835635274,1.1046535345524369,-10.90020158192586
B_c170,Bi-NOA-LSTM,180,42,71.45550887662253,55.98577787250337,1.7736071336006693,-29.088033977956492
B_c171,Bi-NOA-LSTM,180,42,43.44511750508038,34.75474908476328,1.1182229011956715,-10.756203710618843
B_c172,Bi-NOA-LSTM,180,42,34.33920692225407,27.16276110716317,0.9054991501106927,-10.983150416395654
B_c173,Bi-NOA-LSTM,180,42,43.638867830829895,35.88152962588355,1.199090509710484,-15.344235958306005
B_c174,Bi-NOA-LSTM,180,42,34.03054490517417,31.755386884998163,1.02772143085308,-0.1680312247533322
B_c175,Bi-NOA-LSTM,180,42,15.62514832192665,13.402675740414608,0.44254197835469566,-0.41726387795004594
B_c176,Bi-NOA-LSTM,180,42,195.88417003931892,150.27698557623,5.055689512731544,-1.4550794111018939
B_c177,Bi-NOA-LSTM,180,42,34.69355056346518,32.18172749248686,1.0050858275734644,0.12810072746657974
B_c178,Bi-NOA-LSTM,180,42,13.431494215509085,10.55843087957468,0.34626819285256555,0.4478298466844004
B_c179,Bi-NOA-LSTM,180,42,19.543125930451282,16.60590236889064,0.525636400645162,0.4076190687089525
B_c180,Bi-NOA-LSTM,180,42,15.481999499569394,12.809024809192517,0.42645837385911733,0.3470197787182626
B_c181,Bi-NOA-LSTM,180,42,34.473125661090734,30.82155100925992,0.9882095087037542,-0.5435161625028948
A_c001,Bi-LSTM estándar,60,58,33.13458264010824,23.677123862694064,0.7527485053882631,0.7486201583114718
A_c002,Bi-LSTM estándar,60,58,153.67766944401671,69.84253208432251,2.2707094552112776,-0.798214367801747
A_c003,Bi-LSTM estándar,60,58,152.96105908143053,69.89003704658593,2.2741208447763297,-0.7560744947451801
A_c004,Bi-LSTM estándar,60,58,22.290579089286425,15.143159255770959,0.49940562465411703,0.1966529390116567
A_c005,Bi-LSTM estándar,60,58,36.511564110864484,21.563712754611306,0.6944936152949929,-0.09251927534518511
A_c006,Bi-LSTM estándar,60,58,22.61471316998722,14.652070718822248,0.4981759940902064,0.1095975494690794
A_c007,Bi-LSTM estándar,60,58,20.618920180599257,13.401672059140235,0.4595087560515596,-0.37459268549206937
A_c008,Bi-LSTM estándar,60,58,18.987125469309284,12.02717169064928,0.4098265131206903,-0.17801535770673427
A_c009,Bi-LSTM estándar,60,58,21.44344958147845,10.842572296879194,0.34645044947461906,0.5321237314824716
A_c010,Bi-LSTM estándar,60,58,20.921491714242975,10.521776767476375,0.33740060346818046,0.5612897721247105
A_c011,Bi-LSTM estándar,60,58,32.438533505596425,20.770767815513196,0.6489193219598167,0.612442426903957
A_c012,Bi-LSTM estándar,60,58,20.995774099890433,12.368471954784122,0.40881984698980245,-2.655713835636308
A_c013,Bi-LSTM estándar,60,58,21.185861106431513,13.007298768598227,0.44217077796915677,0.08929744506758297
A_c014,Bi-LSTM estándar,60,58,21.809895275609023,11.149733165258649,0.3642074171438094,-2.9798550110311957
A_c015,Bi-LSTM estándar,60,58,21.694608103561155,14.09054190296741,0.4601552192618043,0.3462927772222397
A_c016,Bi-LSTM estándar,60,58,23.810948138263036,13.546643084067856,0.43055525156481345,0.610417114914708
A_c017,Bi-LSTM estándar,60,58,21.94932419743171,12.574635920329454,0.40897339605480687,-0.8974129868246539
A_c018,Bi-LSTM estándar,60,58,210.4667302130641,96.91918324085105,3.1362033837768206,-0.7309308891776019
A_c019,Bi-LSTM estándar,60,58,21.947959672096644,12.580118345992895,0.4161248537621201,-0.45690655754824094
A_c020,Bi-LSTM estándar,60,58,21.836197808234665,13.94777273964719,0.45620573644072443,-0.05402095908088289
A_c021,Bi-LSTM estándar,60,58,21.447267053596875,12.431781000597738,0.4043636340809347,-0.23009916708140188
A_c022,Bi-LSTM estándar,60,58,21.823588904323927,13.871884243844564,0.45194708191028754,-0.4849466067313446
A_c023,Bi-LSTM estándar,60,58,22.09962524802092,13.940992573442124,0.4533055391067979,0.1630168638783248
A_c024,Bi-LSTM estándar,60,58,18.177346303511563,11.052948538453553,0.3608557478545215,0.17484780533070465
A_c025,Bi-LSTM estándar,60,58,25.385359147054714,12.318166468267298,0.39508437582052747,0.38163718140748504
A_c026,Bi-LSTM estándar,60,58,165.5265785924596,75.8262084496158,2.4995096375776016,-0.7812265139353567
A_c027,Bi-LSTM estándar,60,58,20.264356479498257,11.817285305330131,0.3920215571254778,-0.9110162293014838
A_c028,Bi-LSTM estándar,60,58,21.347366769284754,14.08329306512585,0.465738415145047,0.06845539637727738
A_c029,Bi-LSTM estándar,60,58,32.66253835818829,18.70957262231239,0.5872363708217216,0.5918419621899738
A_c030,Bi-LSTM estándar,60,58,29.549445985229077,13.621370783049473,0.4243352748873454,0.5816226374386733
A_c031,Bi-LSTM estándar,60,58,25.733154667557244,13.935226349981923,0.44486281108077724,0.5931116550007464
A_c032,Bi-LSTM estándar,60,58,23.193928861721986,11.544829658315349,0.36904775969105924,0.4638253441257213
A_c033,Bi-LSTM estándar,60,58,30.22709914713026,16.83761070572425,0.5257517668926966,0.7371514831110485
A_c034,Bi-LSTM estándar,60,58,112.65078074915358,54.85026048934757,1.787760923286869,-0.7546682950742984
A_c035,Bi-LSTM estándar,60,58,22.624075374177433,12.404558831681907,0.40637097235612496,-0.3661118167317685
A_c036,Bi-LSTM estándar,60,58,127.89563788550507,62.266083623969465,2.029023439900717,-0.9871422320407592
A_c037,Bi-LSTM estándar,60,58,27.026184748435096,14.459053774094825,0.45525447167785804,0.5848867030808216
A_c038,Bi-LSTM estándar,60,58,72.78230698195271,37.12483333542046,1.18739084140761,-0.793356364707746
A_c039,Bi-LSTM estándar,60,58,28.245718274527103,14.093433099382798,0.4408835233292458,0.707012116799119
A_c040,Bi-LSTM estándar,60,58,129.80124738583584,60.61338914433625,1.9933545759258233,-0.8824037960246038
A_c041,Bi-LSTM estándar,60,58,29.85606912232487,14.557808577526583,0.4578456540575303,0.4453053378206301
A_c042,Bi-LSTM estándar,60,58,130.19201191809032,62.015009127421756,2.032693540679377,-0.8139033368730038
A_c043,Bi-LSTM estándar,60,58,29.093544484120905,13.691083027420929,0.43783271661299367,0.2830573905864947
A_c044,Bi-LSTM estándar,60,58,24.83114104476309,12.61659563118069,0.4013893862132849,0.6363218673297657
A_c045,Bi-LSTM estándar,60,58,21.906570492989665,10.824862231059454,0.3472405411238429,0.5573955715023899
A_c046,Bi-LSTM estándar,60,58,131.10770750780225,60.26534037228287,1.986953692796055,-0.823353529686113
A_c047,Bi-LSTM estándar,60,58,24.111590674018654,14.173820611467052,0.44332486122701176,0.7171286688679196
A_c048,Bi-LSTM estándar,60,58,22.99747199697832,11.752199504369983,0.3718229046201911,0.6487142265437533
A_c049,Bi-LSTM estándar,60,58,131.19561772330982,63.764025543563655,2.097449512508004,-0.9384252404704891
A_c050,Bi-LSTM estándar,60,58,32.14693060862303,15.000204843174716,0.4727082972651798,0.5112903161596345
A_c051,Bi-LSTM estándar,60,58,39.92157202620132,19.319272235247734,0.6040970113031093,0.4640236280398239
A_c052,Bi-LSTM estándar,60,58,153.50044277711183,71.8375547843319,2.35251026818726,-1.108106019972913
A_c053,Bi-LSTM estándar,60,58,19.815917645722955,10.226658129988039,0.32886529347742705,0.5257969453156053
A_c054,Bi-LSTM estándar,60,58,32.13340707529699,16.894229486504912,0.5278399202939408,0.5405118365664241
A_c055,Bi-LSTM estándar,60,58,36.26257919107417,16.171179364311847,0.5135975651941592,0.014412704612265848
A_c056,Bi-LSTM estándar,60,58,26.92931062867453,12.360423137620938,0.4032589396324922,-5.122877450272788
A_c057,Bi-LSTM estándar,60,58,31.505404920043564,19.006188046212067,0.595205674910986,0.6905990498860155
A_c058,Bi-LSTM estándar,60,58,55.309140335508744,21.355066765234973,0.6711387328745507,0.3008152113707887
A_c059,Bi-LSTM estándar,60,58,79.5977593714714,43.35231078575396,1.2891121130893246,0.4019540124480855
A_c060,Bi-LSTM estándar,60,58,39.38267152257951,19.782046963062516,0.6089659714191774,0.5167763160460095
A_c061,Bi-LSTM estándar,60,58,53.061163338195,29.6987509896114,0.9555756273017233,0.09460167573554734
A_c062,Bi-LSTM estándar,60,58,28.8895766608477,20.175341717827447,0.651881280614264,-0.3940558545228885
A_c063,Bi-LSTM estándar,60,58,36.83457076695681,20.374156921263946,0.6389046660759092,0.5036238143397611
A_c064,Bi-LSTM estándar,60,58,21.526159129201965,10.31921058179485,0.32857500735094625,0.37339228750889797
A_c065,Bi-LSTM estándar,60,58,17.95127249379362,11.257117824054585,0.37901095676939206,0.42315585004769873
A_c066,Bi-LSTM estándar,60,58,47.90192388271651,19.830329398986095,0.6155427489605794,-0.23916116200076298
A_c067,Bi-LSTM estándar,60,58,163.69252978179958,78.61570752228482,2.551363347023402,-0.8437760936555216
A_c068,Bi-LSTM estándar,60,58,17.47146158273165,10.071289070462612,0.33875396295130383,0.35507759553741547
A_c069,Bi-LSTM estándar,60,58,122.2780418512536,58.8060372525796,1.9205879636662013,-0.7929517502771231
A_c070,Bi-LSTM estándar,60,58,160.7588798380698,75.60684541033162,2.4709649205604287,-0.7881063156920496
A_c071,Bi-LSTM estándar,60,58,22.275353511771232,13.67870401155317,0.460351373220205,0.15686166612035923
A_c072,Bi-LSTM estándar,60,58,20.262246767158494,10.938034053144763,0.3590355800146086,-0.371262152672293
A_c073,Bi-LSTM estándar,60,58,25.06158237181986,15.562536404068188,0.5076830843797477,-0.9987089846267354
A_c074,Bi-LSTM estándar,60,58,30.54193820882609,18.474589154912106,0.6113162148718779,0.30763320714624265
A_c075,Bi-LSTM estándar,60,58,139.26459923058303,73.23715881973789,2.3219172592632122,-0.9484887451331034
A_c076,Bi-LSTM estándar,60,58,19.98943486955417,11.434057193080845,0.375606340101949,-0.7353395009963823
A_c077,Bi-LSTM estándar,60,58,17.506145416351014,12.302547736823358,0.41321903648480945,0.5469578653233546
A_c078,Bi-LSTM estándar,60,58,21.897368558492417,15.692758195618373,0.5258117581465958,0.42812053947606676
A_c079,Bi-LSTM estándar,60,58,23.170814503403204,15.558518366916662,0.5237009343883231,0.2964271360744033
A_c080,Bi-LSTM estándar,60,58,21.73401876540318,13.615075854299256,0.4603149166782155,0.20390296880652647
A_c081,Bi-LSTM estándar,60,58,144.3369667920904,72.78355369918647,2.374016595036571,-0.9559101619301578
A_c082,Bi-LSTM estándar,60,58,28.070113615152188,14.46464163109795,0.45509635543706717,0.4481495965921496
A_c083,Bi-LSTM estándar,60,58,22.468877724065067,15.040496938420478,0.5081069811086432,0.455442835594447
A_c084,Bi-LSTM estándar,60,58,199.26980752173438,112.04411027560178,3.4586926010804624,-0.9301273121664089
A_c085,Bi-LSTM estándar,60,58,19.4787056909368,13.145179247450562,0.43941068231978686,0.3986618770284083
A_c086,Bi-LSTM estándar,60,58,22.13982333484047,14.208393907902158,0.47536709354942236,0.07919701268776069
A_c087,Bi-LSTM estándar,60,58,20.755985533917205,13.315515188405696,0.4461757861720903,0.4100494196273542
A_c088,Bi-LSTM estándar,60,58,18.874912533118547,12.944517158069845,0.43238717272805594,0.218146930077883
A_c089,Bi-LSTM estándar,60,58,18.62601685825473,11.009792886159603,0.36913649327044035,0.2172726900555716
A_c090,Bi-LSTM estándar,60,58,22.114298813577435,12.312744886358825,0.40236128978557517,-1.4018534137166658
A_c091,Bi-LSTM estándar,60,58,18.866078329304035,11.734946392646851,0.39546789658631193,0.31053267838483667
A_c092,Bi-LSTM estándar,60,58,28.69132515491744,15.266903917439805,0.47784434320379454,0.5777227104903404
A_c093,Bi-LSTM estándar,60,58,21.706583607603857,13.998700595092783,0.46591159105623375,0.155803315763545
A_c094,Bi-LSTM estándar,60,58,21.278920701357965,11.89828941985384,0.3997386530822825,-0.4475361797809365
A_c095,Bi-LSTM estándar,60,58,19.680272996899795,10.835906058686314,0.35832459614496726,-0.7102494562303883
A_c096,Bi-LSTM estándar,60,58,17.927014211255685,10.397582192098705,0.34054724835717104,-0.19958292176841352
A_c097,Bi-LSTM estándar,60,58,20.265021381666735,14.376808849448697,0.4852709311235927,0.5824982070181111
A_c098,Bi-LSTM estándar,60,58,31.74483957880874,16.880519600931812,0.533485627002496,0.5082597737068003
A_c099,Bi-LSTM estándar,60,58,19.862651530448005,13.320686647594927,0.42826200174127205,0.3329565802453781
A_c100,Bi-LSTM estándar,60,58,22.9331974395602,14.833133995389401,0.5027207527622075,0.48226908799204493
A_c101,Bi-LSTM estándar,60,58,20.83862198884674,10.701457529019768,0.3497713330859145,-0.20261888287905427
A_c102,Bi-LSTM estándar,60,58,19.614558495355336,11.866791280952503,0.38735393498623755,-0.5689393849211675
A_c103,Bi-LSTM estándar,60,58,18.063571462757213,12.043561834313397,0.40817667687653203,0.47838248651818094
A_c104,Bi-LSTM estándar,60,58,145.36996721356888,70.45212569369613,2.2992197053830465,-0.9177708195996721
A_c105,Bi-LSTM estándar,60,58,19.59322852434662,13.236638185470419,0.43360429386971305,-0.3220917703678223
A_c106,Bi-LSTM estándar,60,58,18.831241403413944,13.190488648460656,0.4457126639033719,0.5154791329106816
A_c107,Bi-LSTM estándar,60,58,19.49649095021037,13.929724909411927,0.47503896330995454,0.3116442856972914
A_c108,Bi-LSTM estándar,60,58,23.225894105989372,16.248415444841065,0.5490641493727583,0.24358865212013292
A_c109,Bi-LSTM estándar,60,58,17.86650986751098,11.399988708531168,0.3866191961390866,0.4130349960417581
A_c110,Bi-LSTM estándar,60,58,20.826614696443816,13.865468365338177,0.47230435601800763,0.17601595061750763
A_c111,Bi-LSTM estándar,60,58,21.48178630176027,14.05509887761962,0.4777225463101529,0.1306689444272796
A_c112,Bi-LSTM estándar,60,58,25.278826256356062,19.859494246787605,0.6656744551025889,0.6366888233050211
A_c113,Bi-LSTM estándar,60,58,21.53052200638013,14.715661743830518,0.5019774056564458,0.23762656373162527
A_c114,Bi-LSTM estándar,60,58,17.899018733522222,10.885992457159643,0.36338786971992776,-1.1699852870373157
A_c115,Bi-LSTM estándar,60,58,20.91915232016791,14.433947674244843,0.4924963764224432,0.17497779040596684
A_c116,Bi-LSTM estándar,60,58,175.39774553707696,91.67416136993764,2.8996176480615476,-1.0341301261031495
A_c117,Bi-LSTM estándar,60,58,24.301491725628615,16.370207654317255,0.5394137489462938,0.42939742978490236
A_c118,Bi-LSTM estándar,60,58,19.086022151560098,12.025858269632291,0.4114721775388946,-0.10514789095883059
A_c119,Bi-LSTM estándar,60,58,21.984088850889304,13.725985448394452,0.4665384380885182,-0.27302576368314946
A_c120,Bi-LSTM estándar,60,58,19.391923671660315,13.687966574640408,0.46153654054609267,0.47542179884491187
A_c121,Bi-LSTM estándar,60,58,52.65466714244378,32.62387123206124,1.0743949910018342,-4.663419151329194
A_c122,Bi-LSTM estándar,60,58,23.288944214764964,13.710200582078965,0.43971304689385926,0.2785951531470565
A_c123,Bi-LSTM estándar,60,51,41.027374043184466,28.410740834534124,0.904235137591259,0.20395569195596763
A_c124,Bi-LSTM estándar,60,51,73.5264263379828,49.32956813759398,1.573602609383058,-0.593703407521674
A_c125,Bi-LSTM estándar,60,58,22.638377548154498,15.75997001177908,0.5400934890375525,0.14921603922477533
A_c126,Bi-LSTM estándar,60,58,126.79178077769609,59.679791891216354,1.9478340485640189,-0.9884847839268087
A_c127,Bi-LSTM estándar,60,58,136.91709539433853,71.2216873308905,2.271673785402816,-0.8598494012908509
A_c128,Bi-LSTM estándar,60,58,24.060502924409633,11.343754468352211,0.3606337504388127,0.6323828389824353
A_c129,Bi-LSTM estándar,60,58,97.31542259929314,46.43412124791638,1.4924702795371316,-0.9093873592086663
A_c130,Bi-LSTM estándar,60,58,196.3418380573665,91.7329121495565,2.9335593675253584,-0.7769287515237859
A_c131,Bi-LSTM estándar,60,58,28.97471909385959,15.454627219487316,0.4826159151379162,0.7252103750891404
A_c132,Bi-LSTM estándar,60,58,144.49824523366496,71.12352625567561,2.3124238927000214,-0.9810148404845243
A_c133,Bi-LSTM estándar,60,58,19.427865661519245,11.852479868763902,0.3943498645241031,0.2514929715321057
A_c134,Bi-LSTM estándar,60,58,182.2332445566639,83.36174477724973,2.621235666491934,-0.9083001003142424
A_c135,Bi-LSTM estándar,60,58,19.239637124870843,14.651154247240061,0.4998335848688114,0.48240335383782007
A_c136,Bi-LSTM estándar,60,58,33.38047006238033,14.308506162902116,0.44508172626298176,0.33042331144257564
A_c137,Bi-LSTM estándar,60,58,32.11464662938922,18.062221558809778,0.5661832634530507,0.6444863782022203
A_c138,Bi-LSTM estándar,60,58,24.790347371736686,12.437854557116244,0.390565101743712,0.6086112964757112
A_c139,Bi-LSTM estándar,60,58,31.886895637487164,19.680427681214795,0.6140625239620315,0.6674440260922838
A_c140,Bi-LSTM estándar,60,58,118.55745194411313,63.45148554554204,2.0591993531720814,-0.6528634880795192
A_c141,Bi-LSTM estándar,60,58,17.94784616427167,12.703783249217079,0.4311737202445347,0.4553161009271778
A_c142,Bi-LSTM estándar,60,58,17.82965546431391,11.690181962375016,0.397060899195492,0.35121133507850444
A_c143,Bi-LSTM estándar,60,58,21.958139472313544,11.86140256258205,0.39245794680558443,-0.5938327978771589
A_c144,Bi-LSTM estándar,60,58,32.31031520925874,14.706641686257564,0.45838931462636007,0.5217600250924229
A_c145,Bi-LSTM estándar,60,58,20.423549368591896,12.182293610829298,0.39092893332824596,0.7011385478432065
A_c146,Bi-LSTM estándar,60,58,152.15321854252932,76.61482879042349,2.479413569466819,-0.9981537508122968
A_c147,Bi-LSTM estándar,60,58,33.49442133894361,16.651474367321484,0.526416012359053,0.14231244940553667
A_c148,Bi-LSTM estándar,60,58,21.643019674244847,11.847565788391824,0.3785853535201167,0.657580762702472
A_c149,Bi-LSTM estándar,60,58,24.72735483622223,12.527912891817605,0.3960469590069736,0.6382599845977242
A_c150,Bi-LSTM estándar,60,58,28.381653861197083,12.986554247731176,0.41146359563596374,0.5380520228254649
A_c151,Bi-LSTM estándar,60,58,22.689149114749025,12.764423826072909,0.4033864632120613,0.6183070136123797
A_c152,Bi-LSTM estándar,60,58,156.73387974718875,80.15698281762133,2.5750536166575695,-1.1216726201014318
A_c153,Bi-LSTM estándar,60,58,28.9373834026333,16.925546419814548,0.5279892752140822,0.7033717928661181
A_c154,Bi-LSTM estándar,60,58,20.698762292443483,14.373487931981577,0.4846162192542448,0.47813813944401384
A_c155,Bi-LSTM estándar,60,58,19.838352081770214,9.724233331719766,0.3160088787887036,0.16396111481418696
A_c156,Bi-LSTM estándar,60,58,21.09423684763918,13.8000569081274,0.45514560486515154,0.5757470959966116
A_c157,Bi-LSTM estándar,60,58,18.482468883363133,10.521552578700295,0.34409488029708807,0.5736647040208436
A_c158,Bi-LSTM estándar,60,58,26.03511401811171,13.471691553365817,0.4256074635929715,0.5760311407014027
A_c159,Bi-LSTM estándar,60,58,26.715464194476752,12.655456057318345,0.3968704270398607,0.5605778478781847
A_c160,Bi-LSTM estándar,60,58,24.859847411304365,14.010255715819609,0.4449059692536598,0.6534661038488903
A_c161,Bi-LSTM estándar,60,58,22.7953456332465,11.779289373638981,0.3703011074128446,0.5922945662434663
A_c162,Bi-LSTM estándar,60,58,146.52051044014578,74.18573663635254,2.426529589982386,-0.9775224447654813
A_c163,Bi-LSTM estándar,60,58,147.24431259186966,71.02004324235587,2.2975374279579026,-0.9438023782441232
A_c164,Bi-LSTM estándar,60,58,110.23365889260599,50.5986867302555,1.6500353083863524,-0.924139761542681
A_c165,Bi-LSTM estándar,60,58,21.81907347205749,13.439248393179321,0.43734346592842477,0.3819907141653853
A_c166,Bi-LSTM estándar,60,58,19.281731353349358,10.354522762131941,0.3420135697668748,-0.11505752374615796
A_c167,Bi-LSTM estándar,60,58,25.33462940605116,13.00468116626959,0.4189548491699579,0.14555978614945553
A_c168,Bi-LSTM estándar,60,58,17.333057110508786,10.583720366414399,0.3496066237851104,-0.4758622321938266
A_c169,Bi-LSTM estándar,60,58,38.35476975834859,18.09581993252112,0.567048043632777,0.4935649720302644
A_c170,Bi-LSTM estándar,60,58,169.15927645563616,83.73254832230494,2.641145082707507,-0.8905858277663306
A_c171,Bi-LSTM estándar,60,58,22.40536700797427,13.328863074765218,0.4337412582274948,-0.687487029447309
A_c172,Bi-LSTM estándar,60,58,23.881816325042493,16.45667437905495,0.5420518864780793,0.4597516899987072
A_c173,Bi-LSTM estándar,60,58,43.3350987440021,22.533077576788525,0.7027691659560903,0.4433817242540913
A_c174,Bi-LSTM estándar,60,58,25.49317637899463,13.198410410563149,0.4204114836476981,0.5365111605111492
A_c175,Bi-LSTM estándar,60,58,33.059158879577495,17.129295209126106,0.5368873277048674,0.5690634597050306
A_c176,Bi-LSTM estándar,60,58,115.37352326550727,56.052849588152995,1.7710131344828197,-0.9560760964831989
A_c177,Bi-LSTM estándar,60,58,18.448348889204027,11.59865566835949,0.3905111605877552,0.32675451372609754
A_c178,Bi-LSTM estándar,60,58,16.44112917390507,11.417146214469799,0.39029728413583215,0.4998731418247575
A_c179,Bi-LSTM estándar,60,58,20.812326601402052,10.899810200254947,0.3524119579190081,0.21147917974440422
A_c180,Bi-LSTM estándar,60,58,19.795827031849758,11.9006579469702,0.40364604241328783,0.2779152281843287
A_c181,Bi-LSTM estándar,60,58,20.114089507660935,13.677662637890352,0.4671124456945604,-0.2612029710599961
B_c001,Bi-LSTM estándar,60,58,120.64217534826034,67.78199432594032,2.0820319818107356,0.22909566344295595
B_c002,Bi-LSTM estándar,60,58,28.665126646328446,16.617255416519367,0.5195318320582666,0.7137051537601247
B_c003,Bi-LSTM estándar,60,58,27.400814276931765,15.256480418992302,0.48455387773163594,0.659695402722444
B_c004,Bi-LSTM estándar,60,58,31.73760821503206,15.170586707034065,0.4672258570633161,0.6521629637324172
B_c005,Bi-LSTM estándar,60,58,17.188384829764146,9.886545299538781,0.33769574272631175,0.27799432586706385
B_c006,Bi-LSTM estándar,60,58,26.588723178495243,15.071004451357094,0.472396534039057,0.7260839974914486
B_c007,Bi-LSTM estándar,60,58,27.831679002812137,15.20994986659961,0.4788560945467308,0.6749818027547092
B_c008,Bi-LSTM estándar,60,58,24.680540296108514,13.452248799484114,0.42883393476740506,0.6522002375783211
B_c009,Bi-LSTM estándar,60,58,29.528230360263183,15.809084323716478,0.4956210406150656,0.7243889715119562
B_c010,Bi-LSTM estándar,60,58,26.29866808333795,12.949695120256788,0.41152090017256865,0.6601356119219967
B_c011,Bi-LSTM estándar,60,58,102.35908915828557,42.52220394506347,1.3157735124253165,0.06279774723697007
B_c012,Bi-LSTM estándar,60,58,26.223861332101283,14.078801524019758,0.44682252149033314,0.695064060164412
B_c013,Bi-LSTM estándar,60,58,28.50289327435227,13.842883130338853,0.4336763879245082,0.7426965047261376
B_c014,Bi-LSTM estándar,60,58,27.245809376800505,15.623599427339386,0.48727337095143436,0.7177005102921806
B_c015,Bi-LSTM estándar,60,58,25.380983994134937,12.881771886680838,0.409049993207648,0.7000798213890352
B_c016,Bi-LSTM estándar,60,58,39.51941436818947,23.282897771374962,0.7607954756821805,0.2597881466043982
B_c017,Bi-LSTM estándar,60,58,31.013284548180994,15.332408705332108,0.47385994699027506,0.766363168531001
B_c018,Bi-LSTM estándar,60,58,28.750925763154466,14.933707051314427,0.46439468123043914,0.7408790450137034
B_c019,Bi-LSTM estándar,60,58,28.35097801781575,15.901855559285451,0.49911425898420325,0.6957766515863664
B_c020,Bi-LSTM estándar,60,58,86.60162584754009,35.30763824227872,1.1112414169504983,-0.09675041602833967
B_c021,Bi-LSTM estándar,60,58,104.29888538073831,39.7272789373113,1.258480886798125,-0.09384784388394807
B_c022,Bi-LSTM estándar,60,58,27.10052341743454,15.604841183331379,0.4912780714624945,0.6520851878896381
B_c023,Bi-LSTM estándar,60,58,24.63860888512729,14.106054307854318,0.4490536536302671,0.6442410889414542
B_c024,Bi-LSTM estándar,60,58,27.83046291816071,16.206428825483663,0.5094154739501148,0.7291057232765781
B_c025,Bi-LSTM estándar,60,58,24.875390911015693,13.263950337762976,0.42001073982138803,0.6892612999906353
B_c026,Bi-LSTM estándar,60,58,32.6821062798363,18.33350448801331,0.5671541210460143,0.714468426657648
B_c027,Bi-LSTM estándar,60,58,35.28231100734656,22.042764744392482,0.7445474902396326,0.06393409023066698
B_c028,Bi-LSTM estándar,60,58,32.366991153643795,19.677865570208684,0.6038566923041313,0.6825897009437052
B_c029,Bi-LSTM estándar,60,58,30.15998968680071,15.626454372712896,0.47792007600589426,0.6072741037692371
B_c030,Bi-LSTM estándar,60,58,22.760889453887494,14.628103116984722,0.466835568277122,0.6220300144704229
B_c031,Bi-LSTM estándar,60,58,40.821497462900425,24.37577075442609,0.8084736479142325,-0.03748831578709111
B_c032,Bi-LSTM estándar,60,58,28.499077024743872,18.426139463262476,0.5742008045798528,0.744256116132239
B_c033,Bi-LSTM estándar,60,58,27.47613253355973,17.04201882469791,0.529138255886741,0.7358919014635615
B_c034,Bi-LSTM estándar,60,58,32.05814721604772,15.968844506204512,0.4961546227531488,0.7404863782901965
B_c035,Bi-LSTM estándar,60,58,20.68057703952939,12.414824683546733,0.41928858441930916,0.5168745014821081
B_c036,Bi-LSTM estándar,60,58,17.657223584055075,9.670408508774317,0.33102446207652636,0.32181900490610293
B_c037,Bi-LSTM estándar,60,58,33.698079584750715,14.194377977814085,0.43479890491478274,0.37324475713573546
B_c038,Bi-LSTM estándar,60,58,31.818180787972697,22.120695364537752,0.6787342493645184,0.7629408339533477
B_c039,Bi-LSTM estándar,60,58,35.83303163026763,22.96647285705216,0.7037433475821303,0.7391753207027778
B_c040,Bi-LSTM estándar,60,58,96.53629660571302,34.201742837998005,1.0768979337448037,-0.11538259828519393
B_c041,Bi-LSTM estándar,60,58,51.405292396163055,28.52175522941503,0.934962202142307,0.01049072085929681
B_c042,Bi-LSTM estándar,60,58,38.14732507505247,22.616020154773217,0.6989282378355075,0.5940815359186032
B_c043,Bi-LSTM estándar,60,58,39.14394254189525,21.745636152982183,0.728707382239013,-0.0835784463850695
B_c044,Bi-LSTM estándar,60,58,26.83629536789851,15.264734098026656,0.47913191536927474,0.7412046698274924
B_c045,Bi-LSTM estándar,60,58,25.317535382855635,13.488200264783881,0.4297657107309576,0.6194195025013581
B_c046,Bi-LSTM estándar,60,58,69.97676269120846,34.62642935687535,1.0657092741434888,0.3332444294839394
B_c047,Bi-LSTM estándar,60,58,24.152122601165846,14.134395382146739,0.4442783717880391,0.7436366354278796
B_c048,Bi-LSTM estándar,60,58,42.057375222375036,22.756426200252843,0.7266505694756334,-0.013778171469647882
B_c049,Bi-LSTM estándar,60,58,29.818964838770206,17.561474264456212,0.5865908004161435,-0.20711934856907277
B_c050,Bi-LSTM estándar,60,58,19.9697140681004,11.772122468935217,0.3909178121028432,-1.3921821604648676
B_c051,Bi-LSTM estándar,60,58,31.455238505908063,17.884331838726155,0.5965846250665935,-0.041750254209587556
B_c052,Bi-LSTM estándar,60,58,20.277678736730053,12.524148942408056,0.4229687170599708,0.5936910494308443
B_c053,Bi-LSTM estándar,60,58,20.84887774949464,10.794876083812516,0.35161951524637736,-6.23384796693048
B_c054,Bi-LSTM estándar,60,58,23.51152335376508,14.16511023354367,0.46521114193261726,-5.68370543586764
B_c055,Bi-LSTM estándar,60,58,18.17745426713119,10.814110402810988,0.36621521176021526,0.45513464144717364
B_c056,Bi-LSTM estándar,60,58,18.100665067205213,10.73053933791236,0.3650624143060192,0.4945298350497589
B_c057,Bi-LSTM estándar,60,58,35.52885559046223,19.304264888807268,0.6183496310718701,-0.24201256124695392
B_c058,Bi-LSTM estándar,60,58,23.97365654778926,13.685098881688631,0.44326136539716715,0.6306064442497535
B_c059,Bi-LSTM estándar,60,58,29.0148625270633,19.208757594685213,0.6513105783506453,-0.8579034040709548
B_c060,Bi-LSTM estándar,60,58,27.37994267250448,15.979657202306274,0.5000731956058422,0.6840729541319285
B_c061,Bi-LSTM estándar,60,58,20.799643154003107,13.009160687799604,0.4306618418009545,-0.4916041098348587
B_c062,Bi-LSTM estándar,60,58,31.552729713153273,23.68312757650792,0.7677991713519372,-0.43666614920556257
B_c063,Bi-LSTM estándar,60,58,42.66797865125493,23.732277651012936,0.7925277082653667,-0.23378561406249965
B_c064,Bi-LSTM estándar,60,58,29.344960842686483,16.69512809148328,0.5224173787386566,0.6951410286942759
B_c065,Bi-LSTM estándar,60,58,25.697556397143504,13.077036947228454,0.4132105712180509,0.6370850174060201
B_c066,Bi-LSTM estándar,60,58,60.1063999474594,32.33707477771277,1.0881427336866853,-0.43756151620473727
B_c067,Bi-LSTM estándar,60,58,27.673545464006885,12.258859665723776,0.3884475710723297,0.5984211339997023
B_c068,Bi-LSTM estándar,60,58,22.427412629666257,12.056819418703316,0.39269852273647843,0.5159540943025758
B_c069,Bi-LSTM estándar,60,58,36.42571944942081,21.757376527895847,0.6701055837917377,0.7330022414856372
B_c070,Bi-LSTM estándar,60,58,111.25226885681727,63.50961543836918,1.953849124540271,0.23408862525656804
B_c071,Bi-LSTM estándar,60,58,95.33695247560655,50.96295445598734,1.5409529853392148,0.3088068639960747
B_c072,Bi-LSTM estándar,60,58,30.19237434140804,14.488881085959237,0.45283432755226316,0.6373547603592873
B_c073,Bi-LSTM estándar,60,58,26.287218641777784,13.154339133935718,0.4204989381844694,0.6829063764217591
B_c074,Bi-LSTM estándar,60,58,45.42416456336757,26.617828194173146,0.8786557200522094,-0.4392200636406487
B_c075,Bi-LSTM estándar,60,58,57.9340347846353,33.65167180012669,1.0738482016759692,0.35354352071961936
B_c076,Bi-LSTM estándar,60,58,29.31602768073646,17.660844531758634,0.5911372810453278,-1.277035713824474
B_c077,Bi-LSTM estándar,60,58,23.127924227774912,12.090985292211064,0.39110117703560776,0.5181142984743183
B_c078,Bi-LSTM estándar,60,58,23.450101671308836,15.177432745010542,0.4915499364948782,0.44138560955248485
B_c079,Bi-LSTM estándar,60,58,27.386354233243146,16.405471117076633,0.5170856052323665,0.708737019060297
B_c080,Bi-LSTM estándar,60,58,40.60474097734691,28.29108217198166,0.8755396605419238,0.6491467733059548
B_c081,Bi-LSTM estándar,60,58,54.256074811673706,28.37663741518218,0.9511324847589999,-0.027949956616819316
B_c082,Bi-LSTM estándar,60,58,23.596360057963587,11.34149130826052,0.3713888577120724,-2.6254205561915382
B_c083,Bi-LSTM estándar,60,58,25.220747600018438,15.187061693879897,0.4729580046725041,0.7240660441765778
B_c084,Bi-LSTM estándar,60,58,25.917673280013936,15.440672783336387,0.496706837533654,0.6583918052176096
B_c085,Bi-LSTM estándar,60,58,34.27940956462594,19.5183368232113,0.6272149867184923,-0.5481145311605007
B_c086,Bi-LSTM estándar,60,58,27.47043262569614,14.56100009009701,0.45229793527012446,0.7859990000925063
B_c087,Bi-LSTM estándar,60,58,31.352305001738294,18.852889841785693,0.5834942218325521,0.7825127082643046
B_c088,Bi-LSTM estándar,60,58,37.06857656709994,20.360818776360862,0.6907696004567448,-0.08683750412212832
B_c089,Bi-LSTM estándar,60,58,40.564122977465274,22.631620608801114,0.7633559270766384,-0.26688026931811026
B_c090,Bi-LSTM estándar,60,58,111.95927080578922,54.42116610633591,1.6699581678256585,0.15957530350306015
B_c091,Bi-LSTM estándar,60,58,80.00659468695424,47.48756194101972,1.6027308419695196,-0.26950496267754653
B_c092,Bi-LSTM estándar,60,58,36.80386086866524,24.94851205042695,0.792938106250053,0.18319188955618115
B_c093,Bi-LSTM estándar,60,58,24.988115106002994,13.812641377749413,0.438660775535654,0.7534846732148515
B_c094,Bi-LSTM estándar,60,58,78.96112545266645,36.55359473154348,1.1416093633634288,0.16292011639835446
B_c095,Bi-LSTM estándar,60,58,39.373759901502126,22.313777395436933,0.7280292045442261,-0.05367878652132263
B_c096,Bi-LSTM estándar,60,58,30.025172375335238,18.70838382831441,0.607237286647411,-0.7997311275684433
B_c097,Bi-LSTM estándar,60,58,28.119274578721917,15.180776427643842,0.489578067301956,-1.2840884913309734
B_c098,Bi-LSTM estándar,60,58,24.809371383417492,15.135120001168044,0.49680289291219315,-1.929139205921612
B_c099,Bi-LSTM estándar,60,58,27.205614888738964,14.431889011058622,0.45560490696152195,0.6687043865545588
B_c100,Bi-LSTM estándar,60,58,31.21700597120014,16.719512119196768,0.5194818727222683,0.6985913723348032
B_c101,Bi-LSTM estándar,60,58,30.66578476378223,14.546096938438014,0.4542088354955378,0.6165061916280272
B_c102,Bi-LSTM estándar,60,58,24.641609807718226,12.279007501413641,0.39331485517610354,0.6001416141965152
B_c103,Bi-LSTM estándar,60,58,25.82492795765768,14.19196211397013,0.45415186375941374,0.7172547621230457
B_c104,Bi-LSTM estándar,60,58,25.986868621939625,12.001431277465814,0.37902765258062393,0.6022215020118601
B_c105,Bi-LSTM estándar,60,58,24.01025723590841,13.273961907467877,0.42925644539483393,0.6713645803389625
B_c106,Bi-LSTM estándar,60,58,19.56556203888627,12.265279702407971,0.40003181374233066,0.4890151173007311
B_c107,Bi-LSTM estándar,60,58,100.11697527626306,59.020080201124856,1.8496289647893707,-0.34133512961210033
B_c108,Bi-LSTM estándar,60,58,22.81015396516495,10.104157304575219,0.32496941276810326,-19.891694679662468
B_c109,Bi-LSTM estándar,60,58,43.56315403429123,24.92071368697594,0.8182277584821858,0.010949640257768123
B_c110,Bi-LSTM estándar,60,58,28.652838941683846,14.539475239334962,0.46513773099184613,-1.0259304679023509
B_c111,Bi-LSTM estándar,60,58,27.513799797471957,15.391074859549013,0.4942192077393476,-1.358355153254005
B_c112,Bi-LSTM estándar,60,58,27.752564669237515,15.715119160286044,0.5062004507951501,0.6670893740854309
B_c113,Bi-LSTM estándar,60,58,25.273564571847864,14.131293299883223,0.4545021355119433,0.700189957127549
B_c114,Bi-LSTM estándar,60,58,33.87114748498069,16.868455856674032,0.5220716031382286,0.6242945248039644
B_c115,Bi-LSTM estándar,60,58,27.67804622521277,15.077994633659264,0.46742328572065966,0.692912284780892
B_c116,Bi-LSTM estándar,60,58,22.009313338034495,13.511453280481806,0.4349840780803715,0.5923580663872932
B_c117,Bi-LSTM estándar,60,58,28.821807370195035,14.75732020667065,0.46612648217757024,0.5269129124133323
B_c118,Bi-LSTM estándar,60,58,76.28110191964969,32.76347617348857,1.0337756946596013,0.15261751729623851
B_c119,Bi-LSTM estándar,60,58,28.005274642384737,15.584883878458006,0.49000302366372633,0.6994426034676635
B_c120,Bi-LSTM estándar,60,58,21.007429628188014,12.656407711949834,0.4131026561093993,0.28193622567301857
B_c121,Bi-LSTM estándar,60,58,27.247132186787606,15.188753422476218,0.4738236412704444,0.7511830882338708
B_c122,Bi-LSTM estándar,60,58,35.55824903075188,17.98710735740225,0.5464158678570883,0.6884309287352364
B_c123,Bi-LSTM estándar,60,58,19.243120088756996,12.65545007657459,0.4217914535949034,-0.5438194194946504
B_c124,Bi-LSTM estándar,60,58,42.277183409762245,31.89200631391151,1.0283553345454242,-0.035149735454582665
B_c125,Bi-LSTM estándar,60,58,26.77710052281483,18.047273673748116,0.5946891545430691,-0.4740942323381767
B_c126,Bi-LSTM estándar,60,58,25.07659193848161,15.774239188463941,0.5137569101102415,-0.6707949494442567
B_c127,Bi-LSTM estándar,60,58,21.78580467700097,12.016465439281266,0.3922445349294044,-6.094590140944673
B_c128,Bi-LSTM estándar,60,58,91.92712227628047,57.6798926450006,1.8938284391234652,-0.28589557339766936
B_c129,Bi-LSTM estándar,60,58,43.126088350845016,24.34851009347852,0.7794696869971982,-0.02389009438023937
B_c130,Bi-LSTM estándar,60,58,26.108182748683184,16.22673384392395,0.5167126267498142,0.7012168812207523
B_c131,Bi-LSTM estándar,60,58,108.96893620517794,54.8654989592629,1.8236558307508601,-0.08067448411364264
B_c132,Bi-LSTM estándar,60,58,19.640354523657493,12.106228870155077,0.39482112843749456,0.11392743345725165
B_c133,Bi-LSTM estándar,60,58,41.85347639964788,23.872826177996032,0.7986451735642216,-0.09255338128970947
B_c134,Bi-LSTM estándar,60,58,51.30406512879129,29.15660529323882,0.9339420608433423,0.018125483074602933
B_c135,Bi-LSTM estándar,60,58,28.786705491005478,15.069610445570673,0.4907788273251988,0.21820419384113854
B_c136,Bi-LSTM estándar,60,58,78.30500569396396,36.7413131097552,1.2185729360243116,-0.9264273939875491
B_c137,Bi-LSTM estándar,60,58,34.94414405881084,18.53086761423746,0.593563391100904,0.45188043158414837
B_c138,Bi-LSTM estándar,60,58,95.77741615404112,49.626451631567996,1.6446318794877495,-0.06863564605409134
B_c139,Bi-LSTM estándar,60,58,85.85130972245464,42.621784949484635,1.4207938314561053,0.011471025281827862
B_c140,Bi-LSTM estándar,60,58,21.29860510164934,12.941943321578789,0.41583825051917167,0.5465417857040595
B_c141,Bi-LSTM estándar,60,58,22.4039126638139,12.623787696189453,0.41248866224946545,0.6461730692732202
B_c142,Bi-LSTM estándar,60,58,21.79448006561756,14.256864090088595,0.4651206501018203,-3.225675485619689
B_c143,Bi-LSTM estándar,60,58,30.243397821329204,18.705830837679446,0.5854509497560538,0.6698345875649214
B_c144,Bi-LSTM estándar,60,58,48.622965685035965,28.64616372733279,0.9570832021625217,0.09010994006802997
B_c145,Bi-LSTM estándar,60,58,33.029485366643435,19.49708980195501,0.6326703921402342,0.14397560535899856
B_c146,Bi-LSTM estándar,60,58,24.94782800803997,16.4716235109176,0.5465793957061362,-0.8129800630754769
B_c147,Bi-LSTM estándar,60,58,25.40152833346637,15.290896912410352,0.5124960218669383,-0.25174381056666917
B_c148,Bi-LSTM estándar,60,58,53.19990254165145,29.671782635989167,0.9487253115286717,0.10416697490075122
B_c149,Bi-LSTM estándar,60,58,31.115646080034967,16.936729687991065,0.5448629083114924,-0.9240232531905794
B_c150,Bi-LSTM estándar,60,58,19.086413597812953,11.753249289413995,0.3843431388882974,0.2971192999393749
B_c151,Bi-LSTM estándar,60,58,28.88262424042696,15.355554420208126,0.48152673294294246,0.7215962429102987
B_c152,Bi-LSTM estándar,60,58,15.663361317843616,9.534598799659458,0.3195751477254652,-8.14210763439041
B_c153,Bi-LSTM estándar,60,58,28.40188085792563,15.045408956575919,0.4817770371331559,-0.8760097402100455
B_c154,Bi-LSTM estándar,60,58,19.015927843579085,10.453735439151462,0.3426141095512777,-0.06527427508681294
B_c155,Bi-LSTM estándar,60,58,15.587759004063837,9.284238326587905,0.30442444301836774,0.4577544070844801
B_c156,Bi-LSTM estándar,60,58,20.037114710850812,11.642180834469817,0.3753939957616176,-0.10260871222905399
B_c157,Bi-LSTM estándar,60,58,54.960525653825066,30.291542856255877,0.9864356688798717,0.14798484016264946
B_c158,Bi-LSTM estándar,60,58,133.31397001261476,65.3537633918324,2.1757161809360483,-0.03693278487309182
B_c159,Bi-LSTM estándar,60,58,32.44460324656942,19.851987267014064,0.6179397811843139,0.703260673398932
B_c160,Bi-LSTM estándar,60,58,72.28008448674272,35.76425234643347,1.1694463794406829,-0.28279075798799713
B_c161,Bi-LSTM estándar,60,58,28.478583967354062,14.511193427022295,0.45309223610116267,0.6709310420628756
B_c162,Bi-LSTM estándar,60,58,27.25673252118932,14.713052005408308,0.47683495747954846,-0.5996966089945772
B_c163,Bi-LSTM estándar,60,58,25.626444452487693,13.393276683114614,0.4250603453029562,0.6382019186021308
B_c164,Bi-LSTM estándar,60,58,27.614502267205953,14.959965078016259,0.47114474924189464,0.7096147751337631
B_c165,Bi-LSTM estándar,60,58,123.17849855589137,59.46281923600121,1.9957928490010723,-0.019384075720630722
B_c166,Bi-LSTM estándar,60,58,23.78442682532672,13.28027696243813,0.4245194789146948,-3.1391753737481185
B_c167,Bi-LSTM estándar,60,58,57.49005427375833,37.61931756198927,1.241299830627263,-0.16329673974806003
B_c168,Bi-LSTM estándar,60,58,39.11778222606972,23.814046564229333,0.7633147118966888,-0.32380230309884395
B_c169,Bi-LSTM estándar,60,58,24.64016533672174,15.065436345558572,0.5019494613341845,-0.5473599781820047
B_c170,Bi-LSTM estándar,60,58,48.05924741340956,27.309889624970545,0.8662947904777982,-0.03085324066638262
B_c171,Bi-LSTM estándar,60,58,35.620200791195956,19.759016647496757,0.6363664915811784,-0.33127172137148353
B_c172,Bi-LSTM estándar,60,58,22.61089641237022,13.759003058317317,0.45775421517652937,-1.5729246841997755
B_c173,Bi-LSTM estándar,60,58,26.025205721904612,16.140300791176944,0.5375892204155134,-0.3848877691756092
B_c174,Bi-LSTM estándar,60,58,22.54890549771838,13.258786681322121,0.4305736080463486,0.7174471167353008
B_c175,Bi-LSTM estándar,60,58,19.566200437367367,12.561700134645674,0.4153987234381495,-0.14132640728112422
B_c176,Bi-LSTM estándar,60,58,106.71768603995413,51.52238997318663,1.7297025289221435,0.061115636486962166
B_c177,Bi-LSTM estándar,60,58,28.346291385877986,15.10285511260632,0.4734765623751575,0.6655724605880788
B_c178,Bi-LSTM estándar,60,58,17.627968512148367,8.886791965318002,0.2909821278166054,0.1435287067758496
B_c179,Bi-LSTM estándar,60,58,23.56698717110003,12.70790414679515,0.40240918584662116,0.47025767718116873
B_c180,Bi-LSTM estándar,60,58,17.26607341671283,9.729038422437661,0.3249804342995612,0.47983738297739165
B_c181,Bi-LSTM estándar,60,58,25.538258681617478,14.087726398266371,0.45303487566520734,0.610046269407521
A_c001,Bi-LSTM estándar,180,42,47.37695698469313,43.561681197611485,1.3805630349499414,-0.1335894278127696
A_c002,Bi-LSTM estándar,180,42,160.3575001916175,96.44971547880633,3.109083921661945,-0.4426060534494922
A_c003,Bi-LSTM estándar,180,42,166.2892105694424,95.51579235411148,3.0952487967936646,-0.5096319746191977
A_c004,Bi-LSTM estándar,180,42,24.766515962920046,20.800234588695723,0.6839291243071123,-0.47793770844438077
A_c005,Bi-LSTM estándar,180,42,54.7872017005908,48.902312853931285,1.5704423264683878,-2.3008367426400502
A_c006,Bi-LSTM estándar,180,42,25.102056008715802,22.431401095072438,0.7596291855176449,-1.2089854287207733
A_c007,Bi-LSTM estándar,180,42,25.220904449734782,22.92451880623948,0.7837669360439524,-2.3800440558914335
A_c008,Bi-LSTM estándar,180,42,18.865309200438997,16.423581760297516,0.5582095289115123,-0.8842246049384779
A_c009,Bi-LSTM estándar,180,42,22.005493095735684,19.629051126098677,0.6265047901730727,0.27946590124446
A_c010,Bi-LSTM estándar,180,42,23.65633294355624,20.614564063880543,0.6593989752114451,0.28439266985623957
A_c011,Bi-LSTM estándar,180,42,37.46307946897421,31.163925673130613,0.9729064694283304,-0.4311929189222605
A_c012,Bi-LSTM estándar,180,42,16.026945208807764,13.316380485461995,0.44036446422176506,-0.6583705428550457
A_c013,Bi-LSTM estándar,180,42,26.433667815524384,24.910902643839513,0.8441582780996179,-1.8277242054480358
A_c014,Bi-LSTM estándar,180,42,14.603644585123934,11.462710394577787,0.37472408088479925,-0.4277672937607031
A_c015,Bi-LSTM estándar,180,42,27.681067469776195,23.585944508071183,0.7674834193762604,-1.6715484644696685
A_c016,Bi-LSTM estándar,180,42,29.86432460177008,26.7097151489984,0.8451399065125067,0.11174856195662775
A_c017,Bi-LSTM estándar,180,42,17.82431724304722,15.84878908378961,0.5149223033485952,-0.2716273746737252
A_c018,Bi-LSTM estándar,180,42,229.61749223777363,136.910029690915,4.387254582972587,-0.5017013355726381
A_c019,Bi-LSTM estándar,180,42,21.3350022150284,18.80644483511787,0.6211956521333303,-0.6815139457939423
A_c020,Bi-LSTM estándar,180,42,26.083604112260563,21.870709730311827,0.7132018367800732,-0.9029398148030221
A_c021,Bi-LSTM estándar,180,42,24.09824205122076,19.149812644231872,0.6216680661883215,-1.0625251067621742
A_c022,Bi-LSTM estándar,180,42,20.560932350824373,18.467562471880225,0.6009461037277903,-0.6744611544362455
A_c023,Bi-LSTM estándar,180,42,22.730226103660208,19.444512820870536,0.6312031409300181,0.06970124568614533
A_c024,Bi-LSTM estándar,180,42,18.96142349585917,17.008567213585273,0.554611701385559,-0.04020547239671979
A_c025,Bi-LSTM estándar,180,42,24.492671393000904,20.591509369986397,0.6596215778495251,0.2881819336603241
A_c026,Bi-LSTM estándar,180,42,173.15838581778644,111.77626149822422,3.6289906244226544,-0.4427604942573393
A_c027,Bi-LSTM estándar,180,42,15.417596865310324,13.212715781220963,0.43794826707967127,-0.18979252866284702
A_c028,Bi-LSTM estándar,180,42,27.84163712938168,24.463769338480652,0.8069858337435765,-1.2558423736097089
A_c029,Bi-LSTM estándar,180,42,25.060178832077227,21.03193334118068,0.6602663132356223,0.6107318362415095
A_c030,Bi-LSTM estándar,180,42,22.67094128190734,18.023890096537254,0.5617146214224115,0.5638742006824321
A_c031,Bi-LSTM estándar,180,42,32.541268266806696,27.417372217450833,0.8711996059342327,0.02335418636654285
A_c032,Bi-LSTM estándar,180,42,19.361993921976225,16.8504869956607,0.5378566465178906,0.47834506476287664
A_c033,Bi-LSTM estándar,180,42,41.593282199437276,38.89406727164133,1.20863852268682,0.23556095620428819
A_c034,Bi-LSTM estándar,180,42,115.05314718651236,84.25873944484168,2.7044075868471675,-0.3978001987236832
A_c035,Bi-LSTM estándar,180,42,19.784530955205703,16.056708198837985,0.5253332946596979,-0.4114840998687619
A_c036,Bi-LSTM estándar,180,42,137.06692414610166,92.28081961655394,2.970934884137894,-0.6870960702167013
A_c037,Bi-LSTM estándar,180,42,34.30398813120379,32.150417461504254,1.0101809222768474,-0.07056533441965063
A_c038,Bi-LSTM estándar,180,42,72.78401066801992,54.13526276281448,1.7190774789224081,-0.5135882659392923
A_c039,Bi-LSTM estándar,180,42,31.7776958632953,28.976735967436248,0.9027180018584257,0.4405404825606324
A_c040,Bi-LSTM estándar,180,42,129.540219813278,87.1891403205508,2.8329390345349252,-0.47138939211583786
A_c041,Bi-LSTM estándar,180,42,26.081929236551595,20.003843514796618,0.6276942013734922,0.31307399388602397
A_c042,Bi-LSTM estándar,180,42,132.94022763957116,91.48463118278872,2.9586147834412695,-0.4526578421825138
A_c043,Bi-LSTM estándar,180,42,27.779661491966248,20.803457592846133,0.6636221756881726,0.07226508590192138
A_c044,Bi-LSTM estándar,180,42,28.58807396627085,26.281963481866786,0.834284578502342,0.2251142687744193
A_c045,Bi-LSTM estándar,180,42,21.24714389072226,18.676971224176352,0.5985361811716399,0.40934844332936704
A_c046,Bi-LSTM estándar,180,42,132.330529841224,88.64466159028554,2.8771322592921393,-0.3715968261541669
A_c047,Bi-LSTM estándar,180,42,38.70508335011947,36.18571628032861,1.128001214327076,-0.10265612363937993
A_c048,Bi-LSTM estándar,180,42,24.1033557663773,21.25699014056975,0.6709021875977835,0.4606255383990091
A_c049,Bi-LSTM estándar,180,42,137.30768095729823,91.96680703372044,2.9912777176133347,-0.6318290138808889
A_c050,Bi-LSTM estándar,180,42,29.95506848218557,22.23913060775028,0.6984768352854771,0.4023952346552182
A_c051,Bi-LSTM estándar,180,42,45.341477375713836,36.576743051874054,1.138981836793803,0.023552293580527572
A_c052,Bi-LSTM estándar,180,42,157.52628266383095,98.1870799477714,3.1772361802315574,-0.6500670254795258
A_c053,Bi-LSTM estándar,180,42,15.38964599931564,12.524486352684379,0.4024125141757495,0.568416169793956
A_c054,Bi-LSTM estándar,180,42,43.33114381893123,37.95670143156504,1.1814793724953374,-0.25753357837695545
A_c055,Bi-LSTM estándar,180,42,40.54996917440295,29.028914371962813,0.9192709008375939,-0.695273643547188
A_c056,Bi-LSTM estándar,180,42,19.858899901404257,12.537608482288196,0.4094291000150842,-1.878240188302347
A_c057,Bi-LSTM estándar,180,42,46.24849010289758,41.8114598398118,1.3059473537995538,-0.7396627420276289
A_c058,Bi-LSTM estándar,180,42,67.43600148168903,36.06236574125738,1.1371930634618568,0.06563881502110225
A_c059,Bi-LSTM estándar,180,42,120.42993259814912,90.54116647782098,2.688895284157346,-0.48803299669576927
A_c060,Bi-LSTM estándar,180,42,53.65939460140433,44.18688284076506,1.3623173949305956,-0.018190372736747396
A_c061,Bi-LSTM estándar,180,42,66.73646545374096,44.61212225719636,1.430920394655185,-0.2939618442253591
A_c062,Bi-LSTM estándar,180,42,27.517001336318543,23.493430853925453,0.7573525647752231,-2.720699902316049
A_c063,Bi-LSTM estándar,180,42,55.59284412455047,49.03058275037499,1.5307658879015826,-0.6445524833627063
A_c064,Bi-LSTM estándar,180,42,20.152486828422326,17.076130545043913,0.543598212868629,0.26558853280257044
A_c065,Bi-LSTM estándar,180,42,19.967117847686502,18.5079110038394,0.6208426478207072,-0.07063481170707853
A_c066,Bi-LSTM estándar,180,42,46.838363701343454,24.3008535335722,0.7534420662372577,-0.8728920901537518
A_c067,Bi-LSTM estándar,180,42,167.95573621373194,117.73335333411808,3.7532679897391743,-0.4892374559278425
A_c068,Bi-LSTM estándar,180,42,19.116408525409806,17.754644410342237,0.5959132143164151,-0.3747014674054099
A_c069,Bi-LSTM estándar,180,42,124.79965528394196,88.08380798608691,2.8339623299616066,-0.39118926430121737
A_c070,Bi-LSTM estándar,180,42,163.7362991075875,116.13485389869324,3.711079777811014,-0.37068855157770186
A_c071,Bi-LSTM estándar,180,42,26.619049743430494,24.21565898197719,0.8125919804836365,-0.8736166910772214
A_c072,Bi-LSTM estándar,180,42,16.94056531811799,13.78251998959491,0.45218679821294966,-0.1772106643427549
A_c073,Bi-LSTM estándar,180,42,22.905944107929663,20.286622519574877,0.6609599539725384,-0.5755233671499793
A_c074,Bi-LSTM estándar,180,42,41.29191393594954,33.342182519313255,1.1039106281106648,-0.3265062429660761
A_c075,Bi-LSTM estándar,180,42,133.4636449131613,111.48885752519884,3.4557601481051456,-0.4350760972337986
A_c076,Bi-LSTM estándar,180,42,17.28831841374333,14.899145198131746,0.48917580225282375,-0.3056088367061873
A_c077,Bi-LSTM estándar,180,42,27.97354260055685,26.197780752127514,0.876667669729855,-0.8096942829942022
A_c078,Bi-LSTM estándar,180,42,38.47317212410717,37.10923650636217,1.2394883643071402,-2.0848159315860144
A_c079,Bi-LSTM estándar,180,42,33.36620267794445,30.9642118730091,1.0379742566512034,-1.7417453197648514
A_c080,Bi-LSTM estándar,180,42,27.932959756397644,26.528192596508223,0.8946540189789461,-1.2160194440323684
A_c081,Bi-LSTM estándar,180,42,147.4760615910659,109.56799789072673,3.503867733356483,-0.5330587491363283
A_c082,Bi-LSTM estándar,180,42,30.252419272891427,25.341185611397897,0.7950019268528924,0.11955275279983235
A_c083,Bi-LSTM estándar,180,42,30.43583219882926,28.822766146705263,0.9705793671198069,-0.45961792781848754
A_c084,Bi-LSTM estándar,180,42,204.69106000767823,176.4029014593214,5.277495763505559,-0.7323091496028309
A_c085,Bi-LSTM estándar,180,42,25.62099524011655,23.733052346365795,0.7919907538289642,-0.4006683514852145
A_c086,Bi-LSTM estándar,180,42,27.47639891542202,25.318550044468452,0.8451255802655353,-0.8580364723887348
A_c087,Bi-LSTM estándar,180,42,28.053703709823427,26.293048506818483,0.8781292618567653,-1.0759022995542868
A_c088,Bi-LSTM estándar,180,42,27.00895947443616,25.879982907467785,0.862268182796456,-1.4662987939413075
A_c089,Bi-LSTM estándar,180,42,21.287707038367188,20.53750276583715,0.6873463538951188,-0.5838078317881101
A_c090,Bi-LSTM estándar,180,42,22.404873019121503,15.222307583618136,0.49715679875695795,-1.3461807770144607
A_c091,Bi-LSTM estándar,180,42,22.000199330496525,20.875132304309666,0.7015323891619467,-0.5187169181311697
A_c092,Bi-LSTM estándar,180,42,37.50997584786508,33.793214284915,1.0543156877866315,-0.01755066390866289
A_c093,Bi-LSTM estándar,180,42,26.29717083582517,24.86454441172282,0.8252218754147759,-0.9649454723850115
A_c094,Bi-LSTM estándar,180,42,21.62640588393249,19.90191188114711,0.6678001073222776,-0.932573728016816
A_c095,Bi-LSTM estándar,180,42,16.327453980750857,14.241672318449506,0.4707932034051269,-0.347151640448762
A_c096,Bi-LSTM estándar,180,42,14.639727882151917,12.575924668520951,0.4116328411638027,0.0027043155440179545
A_c097,Bi-LSTM estándar,180,42,33.6195563352673,30.879723101588667,1.0370286638426849,-1.0139995131505852
A_c098,Bi-LSTM estándar,180,42,41.92444034786437,39.347932713971844,1.24102038081799,-0.3602739764255658
A_c099,Bi-LSTM estándar,180,42,20.897926595587798,17.50575810648603,0.5618463649284443,0.12938640497159237
A_c100,Bi-LSTM estándar,180,42,34.23986563381736,32.869505777922065,1.1104135413756484,-0.7999438613706422
A_c101,Bi-LSTM estándar,180,42,19.75763731586803,16.832074768066395,0.5497936405222037,-0.5300788550595457
A_c102,Bi-LSTM estándar,180,42,18.78747505977559,15.314527809215738,0.4992397709204226,-0.6883892990721008
A_c103,Bi-LSTM estándar,180,42,25.869797560521484,24.216949973042794,0.8183458375192459,-0.5193647190097752
A_c104,Bi-LSTM estándar,180,42,145.09007094193927,103.07428467603413,3.3066915238686323,-0.4554632378612724
A_c105,Bi-LSTM estándar,180,42,17.276870615949818,14.796100579761324,0.4843409641341945,-0.08531188764843223
A_c106,Bi-LSTM estándar,180,42,31.317040594948637,29.26232491985505,0.9849065986363922,-1.948430921059935
A_c107,Bi-LSTM estándar,180,42,29.067904652109696,26.64432071169897,0.9053048521071388,-1.435001188431774
A_c108,Bi-LSTM estándar,180,42,33.33108351927509,31.167342636907627,1.0490389057825502,-1.953901028868394
A_c109,Bi-LSTM estándar,180,42,24.747029853220766,23.13669049639024,0.7824127304026186,-0.6964180128842927
A_c110,Bi-LSTM estándar,180,42,25.952877880047282,23.820819627307735,0.8085696940075273,-0.9232307888316025
A_c111,Bi-LSTM estándar,180,42,27.549050079421487,25.584433121526814,0.8667227801410033,-1.7047936613214771
A_c112,Bi-LSTM estándar,180,42,46.003916267487014,42.35689572005497,1.4135505774227568,-0.7419941789374522
A_c113,Bi-LSTM estándar,180,42,30.290520134436548,26.888360098193953,0.9136491027490699,-2.915476765360416
A_c114,Bi-LSTM estándar,180,42,20.021096978797413,12.648123193432083,0.4223550012167109,-1.2813395933263574
A_c115,Bi-LSTM estándar,180,42,21.80177765238785,19.651941080874455,0.6678839765393239,-0.2532235136232077
A_c116,Bi-LSTM estándar,180,42,172.09169072980177,135.94608850388298,4.19503312857426,-0.5403100219367467
A_c117,Bi-LSTM estándar,180,42,44.998627920736745,43.873061986941394,1.4424830224579062,-2.7771594848494723
A_c118,Bi-LSTM estándar,180,42,20.352702937604985,16.72465245513919,0.5705401724644306,-1.163248134775467
A_c119,Bi-LSTM estándar,180,42,24.60578044121894,22.174415807160884,0.7518615058824358,-1.498542656483545
A_c120,Bi-LSTM estándar,180,42,30.112793525293213,28.304155472528365,0.9504109534494363,-1.2634293629989286
A_c121,Bi-LSTM estándar,180,42,62.93152687543512,45.15087953462146,1.4854350964114236,-4.9446787165882435
A_c122,Bi-LSTM estándar,180,42,21.35143925084425,17.703159392220652,0.5667857377495658,-0.19399195602729624
A_c123,Bi-LSTM estándar,180,35,55.942496703982364,50.647508010602614,1.6014023685544079,-3.7109556984359404
A_c124,Bi-LSTM estándar,180,35,90.5712556930144,73.01082957746237,2.319299025570095,-1.0581998233121492
A_c125,Bi-LSTM estándar,180,42,30.32084877999732,27.149750341142905,0.9281939492518541,-0.9827569015453104
A_c126,Bi-LSTM estándar,180,42,126.4498796792111,83.20498530818395,2.6870089339800587,-0.4913182421261615
A_c127,Bi-LSTM estándar,180,42,144.4222129830513,111.84982683279858,3.509167308668256,-0.6636022238508155
A_c128,Bi-LSTM estándar,180,42,16.187288880022066,11.512739437139633,0.3666582698917331,0.7594960055522506
A_c129,Bi-LSTM estándar,180,42,98.9845382032693,64.00181967620851,2.0451668406346624,-0.5902057202085971
A_c130,Bi-LSTM estándar,180,42,219.22131231900815,134.90765972079322,4.27540184040724,-0.6403316790597939
A_c131,Bi-LSTM estándar,180,42,38.537590560849324,36.47492312135245,1.1351818175243007,0.26199552954551275
A_c132,Bi-LSTM estándar,180,42,140.8946459736099,102.14701700403123,3.259864822624646,-0.4142440558613212
A_c133,Bi-LSTM estándar,180,42,22.868166573457707,20.98053951285222,0.6962879935980367,-0.39998861182199175
A_c134,Bi-LSTM estándar,180,42,197.4549562038898,114.33532252081007,3.580700294617165,-0.6555713393458731
A_c135,Bi-LSTM estándar,180,42,29.510628578824754,27.269818119957364,0.9263475374820451,-1.2151153371097112
A_c136,Bi-LSTM estándar,180,42,22.74681522001687,12.188010606020923,0.38017097879008976,0.5587383584564269
A_c137,Bi-LSTM estándar,180,42,49.163725182469804,44.92116488509405,1.400356149015089,-0.16790369983386255
A_c138,Bi-LSTM estándar,180,42,29.561250456429104,26.692136023021863,0.8358469682784567,0.24501693901620658
A_c139,Bi-LSTM estándar,180,42,49.11293853049637,46.29958747464135,1.440266441689345,-0.12901098035199965
A_c140,Bi-LSTM estándar,180,42,128.62730351313672,100.63134126993812,3.2178095934173174,-0.4511053945831509
A_c141,Bi-LSTM estándar,180,42,30.663750995723454,28.013882189723432,0.947314133030296,-1.4052879182643605
A_c142,Bi-LSTM estándar,180,42,26.21835173518341,24.729847154381183,0.8377339908387065,-1.1512457956882485
A_c143,Bi-LSTM estándar,180,42,18.44304538843706,15.605399777367069,0.5155372124242391,-0.49987020808405735
A_c144,Bi-LSTM estándar,180,42,25.426549902472686,19.219503156825507,0.5990041216652177,0.530932639939385
A_c145,Bi-LSTM estándar,180,42,25.402677114586844,22.800899233282138,0.7292280864956412,0.26442718623866357
A_c146,Bi-LSTM estándar,180,42,154.36557155444154,114.77109668026874,3.641497596196889,-0.5757518230821284
A_c147,Bi-LSTM estándar,180,42,34.082755891724474,24.084196973891466,0.7603607093166989,-0.41296120834298855
A_c148,Bi-LSTM estándar,180,42,28.74009242866467,26.412900174095547,0.8415612212703726,0.09900535980676028
A_c149,Bi-LSTM estándar,180,42,23.598382866781744,20.45903541448684,0.6454502044866347,0.490199906489062
A_c150,Bi-LSTM estándar,180,42,18.076900138932068,11.826001483953583,0.3757188455584298,0.6923117136295109
A_c151,Bi-LSTM estándar,180,42,25.679154758394784,23.276520076715332,0.7324130635510642,0.28717088738926344
A_c152,Bi-LSTM estándar,180,42,156.04261756873012,120.09059891844245,3.7725061064516,-0.648915809267258
A_c153,Bi-LSTM estándar,180,42,47.44875266146272,45.35293051634289,1.4092565721479762,-0.22614444506023013
A_c154,Bi-LSTM estándar,180,42,33.404481180224046,31.470761081150656,1.0569943603265992,-1.4641610902806081
A_c155,Bi-LSTM estándar,180,42,13.58306080991203,9.32389461575459,0.30362937824315467,0.5421842475123582
A_c156,Bi-LSTM estándar,180,42,16.804813208016224,12.716032818094858,0.41849200626323674,0.4324845390726054
A_c157,Bi-LSTM estándar,180,42,14.427978024217293,11.75219087095712,0.38419440213498135,0.5842514534542949
A_c158,Bi-LSTM estándar,180,42,27.86944659434999,25.064820353698725,0.7893709004268685,0.2855012922189386
A_c159,Bi-LSTM estándar,180,42,24.70638861421599,21.32388101879303,0.6671306388052669,0.48206247715679207
A_c160,Bi-LSTM estándar,180,42,33.55695568773037,30.200336387053024,0.9542172807439683,0.10001771125506631
A_c161,Bi-LSTM estándar,180,42,29.83713814676437,28.026962582470134,0.879685276871452,-0.04666607919134513
A_c162,Bi-LSTM estándar,180,42,140.1243504218095,110.97405531885052,3.5467446033276904,-0.42023358004741285
A_c163,Bi-LSTM estándar,180,42,145.0164917567405,105.79531299118763,3.357757824571872,-0.4482611145154345
A_c164,Bi-LSTM estándar,180,42,113.38195743520446,64.91802993360244,2.1119100672488695,-0.5160380863179297
A_c165,Bi-LSTM estándar,180,42,21.147706977325175,14.037999699474538,0.4565620799668272,0.37252089337658634
A_c166,Bi-LSTM estándar,180,42,17.746099773199333,15.880918948000994,0.5237093124135321,-0.20287869238913747
A_c167,Bi-LSTM estándar,180,42,23.276125907295707,19.389023512704032,0.6235198480900743,-0.06514708361626997
A_c168,Bi-LSTM estándar,180,42,17.40012479763043,11.215808370681014,0.37145114952050196,-0.3285235238002786
A_c169,Bi-LSTM estándar,180,42,40.69160318036467,32.672579495747904,1.0197787780030367,0.1230386591718301
A_c170,Bi-LSTM estándar,180,42,176.76623588599907,125.43094683975944,3.897083281985557,-0.6107945796181558
A_c171,Bi-LSTM estándar,180,42,18.75062062191927,16.89030329197473,0.5490279139380746,-0.39160757961387116
A_c172,Bi-LSTM estándar,180,42,33.72347924030653,30.935716290791788,1.014109626610111,-1.915351393719002
A_c173,Bi-LSTM estándar,180,42,58.818077874851234,51.47120155014767,1.599208044230192,-1.2234490242165421
A_c174,Bi-LSTM estándar,180,42,30.321848885334308,27.13615428771974,0.8612475171124475,0.08268807576356751
A_c175,Bi-LSTM estándar,180,42,47.3012132888412,40.776066288176004,1.271976338043948,-0.20453334865496142
A_c176,Bi-LSTM estándar,180,42,116.55732771304629,78.48454150957379,2.463615378893311,-0.6219943150772198
A_c177,Bi-LSTM estándar,180,42,22.283985013778814,16.045653184436645,0.5379718028194068,-0.28262615129158797
A_c178,Bi-LSTM estándar,180,42,18.917018342484837,16.150232049633214,0.5493630067816758,-0.06788073099064018
A_c179,Bi-LSTM estándar,180,42,15.391748389722412,12.351200081525539,0.39920865514952747,0.4730170985851282
A_c180,Bi-LSTM estándar,180,42,22.192001468961674,20.295174163891048,0.6861314619941287,-0.6127269792644556
A_c181,Bi-LSTM estándar,180,42,22.320037477689603,19.6497941998436,0.6694045228224252,-0.9259983762871442
B_c001,Bi-LSTM estándar,180,42,205.98411920733113,170.49703409227638,5.1488127970646484,-4.476796898511613
B_c002,Bi-LSTM estándar,180,42,40.8310061384116,36.19150643317815,1.1256970743155534,0.08001914253344922
B_c003,Bi-LSTM estándar,180,42,17.91055311669794,14.553715532284679,0.46046689313375044,0.6989666210868639
B_c004,Bi-LSTM estándar,180,42,32.72338063117323,29.29256544065928,0.9006553539704072,0.43641183516165616
B_c005,Bi-LSTM estándar,180,42,16.340841863777705,12.515174996003646,0.4263189711634665,-0.0869886176901018
B_c006,Bi-LSTM estándar,180,42,38.808688418115416,36.738265250433074,1.1474483923232077,-0.00959677242113055
B_c007,Bi-LSTM estándar,180,42,36.15710509038168,33.650720968264615,1.0551533209403627,0.060153856540973716
B_c008,Bi-LSTM estándar,180,42,26.635860236783632,23.34834658740817,0.7422435583155987,0.33049274129333384
B_c009,Bi-LSTM estándar,180,42,36.183803826053996,33.66390210004535,1.0516940307227207,0.29804309149670305
B_c010,Bi-LSTM estándar,180,42,28.594563899538176,25.626802165948806,0.811398962852646,0.3906600844746876
B_c011,Bi-LSTM estándar,180,42,115.40691943379646,87.2195113555182,2.6393601532711726,-0.2562710833615409
B_c012,Bi-LSTM estándar,180,42,31.372380848461017,28.96144522072926,0.9144820253565342,0.25777157206429313
B_c013,Bi-LSTM estándar,180,42,32.649533207967565,29.91316440059119,0.9325714451132429,0.4739928914206927
B_c014,Bi-LSTM estándar,180,42,34.97689529849211,31.564395476568308,0.9801432951456777,0.2390953762451279
B_c015,Bi-LSTM estándar,180,42,20.87628985144958,17.596565413120796,0.5567942066896964,0.6629497483200091
B_c016,Bi-LSTM estándar,180,42,60.32764516467296,48.95057701016382,1.5934186171200415,-32.46719191122421
B_c017,Bi-LSTM estándar,180,42,42.35493855006201,36.95428251175653,1.13438724478337,0.4145399693580425
B_c018,Bi-LSTM estándar,180,42,29.2338922896205,25.686443450782374,0.7935441592772735,0.5868503946874113
B_c019,Bi-LSTM estándar,180,42,39.895225197534174,37.43032499789282,1.1688063826476405,-0.09460719161246645
B_c020,Bi-LSTM estándar,180,42,97.86469684189144,68.8648915217808,2.1275498499516576,-0.2913581159801464
B_c021,Bi-LSTM estándar,180,42,117.73139040453661,78.71519584481375,2.4310401027745976,-0.236723263623144
B_c022,Bi-LSTM estándar,180,42,32.85778014617285,28.24448757353281,0.8857068142230048,0.20333711502672824
B_c023,Bi-LSTM estándar,180,42,38.92909306245576,35.079174375842854,1.1119702935001088,-0.18531850420316975
B_c024,Bi-LSTM estándar,180,42,43.24299564118039,40.220035684567414,1.2575006281948533,0.001102331236630949
B_c025,Bi-LSTM estándar,180,42,29.78471251189576,27.084054466901552,0.85435286835942,0.2730542247969565
B_c026,Bi-LSTM estándar,180,42,51.40227531757324,49.00961248110816,1.5092548265865666,-0.4027179634590281
B_c027,Bi-LSTM estándar,180,42,70.38288485592783,60.11647867475235,2.036427476177231,-53.37258052545377
B_c028,Bi-LSTM estándar,180,42,56.60596584781815,54.31360356837674,1.658356864613942,-0.671846482594324
B_c029,Bi-LSTM estándar,180,42,36.068199225592494,33.70924534447082,1.0263454541067278,-0.0014267447167983782
B_c030,Bi-LSTM estándar,180,42,27.393668875277807,23.283736431812066,0.7398051009094498,-0.21130144071327273
B_c031,Bi-LSTM estándar,180,42,82.71867723692542,69.0219150548299,2.2977473700674595,-72.06668904959703
B_c032,Bi-LSTM estándar,180,42,54.07415039707913,51.583717807515484,1.5990744777920867,-0.5806964849874854
B_c033,Bi-LSTM estándar,180,42,43.372386897922055,40.64953428025016,1.2555824790403463,0.0007394472553399201
B_c034,Bi-LSTM estándar,180,42,41.85302996362553,38.7519531109038,1.1982047283429549,0.31937917459906673
B_c035,Bi-LSTM estándar,180,42,28.44112986246334,26.44669329942976,0.888969644519917,-0.6656582060737033
B_c036,Bi-LSTM estándar,180,42,17.7396304294883,15.073893821934318,0.5141913362868402,-0.10523011391329473
B_c037,Bi-LSTM estándar,180,42,22.31199478771191,17.82384203745525,0.5467867483046323,0.5570194948832464
B_c038,Bi-LSTM estándar,180,42,63.58496402061294,59.18525732385542,1.8039276371798734,-0.4953246334092729
B_c039,Bi-LSTM estándar,180,42,68.79362720233257,62.75771940714518,1.914366804665612,-0.26869152545814257
B_c040,Bi-LSTM estándar,180,42,103.60997330397429,59.05950027625674,1.8315468958677221,-0.1994820562256563
B_c041,Bi-LSTM estándar,180,42,97.39097789777482,77.21316891937263,2.538270049804024,-76.78349627474742
B_c042,Bi-LSTM estándar,180,42,59.30654037223783,57.44057529812768,1.769212763317134,-0.9539868934237279
B_c043,Bi-LSTM estándar,180,42,72.4460890734065,56.43300512288413,1.8962408850484842,-43.83527788767336
B_c044,Bi-LSTM estándar,180,42,35.36742068602217,32.37670682765416,1.009001511596331,0.21891578351800112
B_c045,Bi-LSTM estándar,180,42,31.905128024970107,29.709944468180307,0.9450559386004256,-0.09535945439180038
B_c046,Bi-LSTM estándar,180,42,86.97996962189586,74.80728706018358,2.26913962214197,-0.21036296484778672
B_c047,Bi-LSTM estándar,180,42,40.535851973954124,37.95861607397169,1.1871156799738003,-0.0748430352667977
B_c048,Bi-LSTM estándar,180,42,61.98382700962263,48.28929371708466,1.5398701338327492,-22.538937352684165
B_c049,Bi-LSTM estándar,180,42,54.994799423520014,45.2309450589134,1.5155082409352065,-35.2066932162849
B_c050,Bi-LSTM estándar,180,42,28.703166480632238,23.624125337800514,0.7864572143135061,-10.076799504268873
B_c051,Bi-LSTM estándar,180,42,58.073865356943486,47.20034238811671,1.5785075378670175,-42.51710529382928
B_c052,Bi-LSTM estándar,180,42,28.22847411430058,26.715392624627956,0.8978995332196852,-0.6692194963406857
B_c053,Bi-LSTM estándar,180,42,13.868025765535956,9.818908913167279,0.32104335858008726,-0.3208816585587435
B_c054,Bi-LSTM estándar,180,42,21.265207338832404,15.926402872285417,0.5248904087296044,-1.988127607783293
B_c055,Bi-LSTM estándar,180,42,20.966338415584346,18.73897969425747,0.6326620312888491,-0.6836058907110159
B_c056,Bi-LSTM estándar,180,42,22.037938987672504,18.973639776248003,0.643626209772512,-0.5816290602647902
B_c057,Bi-LSTM estándar,180,42,47.4776369021083,38.63888328000028,1.2363423397811075,-15.024301666566803
B_c058,Bi-LSTM estándar,180,42,26.21617080555551,23.443825700523753,0.7564296369193436,0.1999835777661766
B_c059,Bi-LSTM estándar,180,42,51.2246242987357,40.92241369047618,1.3924816165306815,-13.768148982062078
B_c060,Bi-LSTM estándar,180,42,40.18365297831748,36.80074984726677,1.144840948064382,-0.08094855077498964
B_c061,Bi-LSTM estándar,180,42,22.969132013102886,20.033553322129023,0.6616127020907886,-0.9115902060948269
B_c062,Bi-LSTM estándar,180,42,32.340055902999445,26.82917638433547,0.8656436880480465,-3.548352420880473
B_c063,Bi-LSTM estándar,180,42,78.36366767684103,61.1152742406936,2.0459293921554584,-42.440202343047666
B_c064,Bi-LSTM estándar,180,42,44.03273554134584,41.87219254048663,1.304379762545811,-0.14808081986999322
B_c065,Bi-LSTM estándar,180,42,25.16592634476828,22.217882968357653,0.7002723555902527,0.4063966467021206
B_c066,Bi-LSTM estándar,180,42,116.49368567106023,93.62839779125395,3.1557476241305005,-51.58001292249796
B_c067,Bi-LSTM estándar,180,42,20.128545903812935,16.269066868736616,0.5151892229804823,0.611084169533285
B_c068,Bi-LSTM estándar,180,42,16.188526513272144,13.160881497991657,0.4281846219509458,0.555134987042648
B_c069,Bi-LSTM estándar,180,42,59.61807947922133,56.15755434141614,1.7201199530271438,-0.04861481335128115
B_c070,Bi-LSTM estándar,180,42,164.86499552835053,151.4106629114061,4.529597420240386,-0.7971635483970974
B_c071,Bi-LSTM estándar,180,42,128.10046981222416,115.01255345858618,3.411657427303995,-0.5053721614410474
B_c072,Bi-LSTM estándar,180,42,29.97883345483129,27.585990921238487,0.8593925655719274,0.3546385643024863
B_c073,Bi-LSTM estándar,180,42,29.007579597227245,26.289196668061813,0.8377406137089946,0.3863178088736535
B_c074,Bi-LSTM estándar,180,42,71.1627333204616,55.823853366670136,1.8442575112478103,-20.802079582617715
B_c075,Bi-LSTM estándar,180,42,102.46215201729329,87.09035780770438,2.7694904209381566,-24.69070472299459
B_c076,Bi-LSTM estándar,180,42,46.12098782187155,38.91585762060258,1.3056073943278563,-5.736194122371643
B_c077,Bi-LSTM estándar,180,42,22.376224527706444,19.346355000886422,0.6238119262837819,0.4362244677755951
B_c078,Bi-LSTM estándar,180,42,34.03666782251526,28.170045577421654,0.9091072115776472,-2.303247284445406
B_c079,Bi-LSTM estándar,180,42,40.73389263938064,38.288118630908826,1.200202393542518,-0.15411159164687538
B_c080,Bi-LSTM estándar,180,42,77.06661332227041,74.96566380964008,2.307824964522808,-0.9684746094340491
B_c081,Bi-LSTM estándar,180,42,99.09578470420757,76.31395725962317,2.5625543664350032,-92.44881249918278
B_c082,Bi-LSTM estándar,180,42,12.711978814548756,7.541525002761158,0.24775830567340706,-0.018880855852533962
B_c083,Bi-LSTM estándar,180,42,32.124489263400676,28.271813836887944,0.8755455891144139,0.22353545963089028
B_c084,Bi-LSTM estándar,180,42,38.875845968965926,36.93002921251572,1.1844355473828674,-0.43008019284355914
B_c085,Bi-LSTM estándar,180,42,41.380100396868755,34.094385798427034,1.0933335851325907,-10.470150546892551
B_c086,Bi-LSTM estándar,180,42,40.71172960052036,36.435268049476306,1.1230661897793652,0.3270097727084117
B_c087,Bi-LSTM estándar,180,42,59.43057658224984,56.48295560993016,1.7354565008936755,-0.2900794103832183
B_c088,Bi-LSTM estándar,180,42,71.72177648001349,55.29016260521299,1.8820698860663596,-48.78430688264989
B_c089,Bi-LSTM estándar,180,42,75.827150354212,60.26807306576682,2.0374781182809905,-57.440482596858075
B_c090,Bi-LSTM estándar,180,42,141.84034614068105,121.71214290480843,3.63719726663547,-0.5461628336246303
B_c091,Bi-LSTM estándar,180,42,135.79521271826223,121.67706117473783,4.105568474577494,-8.498724731518092
B_c092,Bi-LSTM estándar,180,42,54.93615043350096,49.29405320129394,1.5606221855111175,-0.294866789604455
B_c093,Bi-LSTM estándar,180,42,32.72635984910522,30.45270249989825,0.9624788862843422,0.24440844640894788
B_c094,Bi-LSTM estándar,180,42,93.83779048983709,77.32308531479607,2.364940303409905,-0.2805732716806497
B_c095,Bi-LSTM estándar,180,42,61.74528252696123,48.81755893772664,1.5902563477669323,-26.75727524904831
B_c096,Bi-LSTM estándar,180,42,45.80929827058338,36.71036794905892,1.1949549095388188,-14.144457005050043
B_c097,Bi-LSTM estándar,180,42,27.47834994481251,23.73904679870606,0.7652377756332267,-4.286591269039869
B_c098,Bi-LSTM estándar,180,42,34.43680148467583,27.692498098754875,0.9107284683204933,-9.095436608760906
B_c099,Bi-LSTM estándar,180,42,36.30297922463795,33.4655506632487,1.0507575332740111,0.08069268725249479
B_c100,Bi-LSTM estándar,180,42,38.70324800652775,35.9124814524333,1.1131345975987532,0.09109677714986308
B_c101,Bi-LSTM estándar,180,42,32.00023148368559,29.57589846111482,0.9219749758031935,0.30489777221385084
B_c102,Bi-LSTM estándar,180,42,21.104437438265798,17.41864716586164,0.5569228810676782,0.49867953395891884
B_c103,Bi-LSTM estándar,180,42,31.155744965787644,27.867329382905513,0.8884571400019285,0.26712014066481393
B_c104,Bi-LSTM estándar,180,42,18.43551972212127,14.757208111499583,0.46615332551434946,0.6978557372470715
B_c105,Bi-LSTM estándar,180,42,21.300269372253613,17.432405936177528,0.5618178397390013,0.49428524341271174
B_c106,Bi-LSTM estándar,180,42,18.277444675467653,15.420163748314295,0.5017438290389178,0.1533975047677879
B_c107,Bi-LSTM estándar,180,42,96.08817353716078,65.45881409468875,2.0420894816953994,-0.22658171195942844
B_c108,Bi-LSTM estándar,180,42,14.230545042289902,9.01367854091092,0.29090975914314854,-0.41438130589107125
B_c109,Bi-LSTM estándar,180,42,77.38595875509132,61.92571352989559,2.036975760838686,-66.15903995972114
B_c110,Bi-LSTM estándar,180,42,29.518566572927007,23.9639895571754,0.7665498662739704,-4.959895079275823
B_c111,Bi-LSTM estándar,180,42,27.341951968988067,25.512401848275363,0.8190294104092672,-3.5104745647230304
B_c112,Bi-LSTM estándar,180,42,38.84676128348062,36.495403920564215,1.1700990562816402,-0.10483297630359267
B_c113,Bi-LSTM estándar,180,42,29.57271487298094,26.49473601982479,0.8489483958262125,0.17514993831329195
B_c114,Bi-LSTM estándar,180,42,39.96658979494085,38.009799900018564,1.173194014634324,0.05263596168706808
B_c115,Bi-LSTM estándar,180,42,34.54033646813322,30.894197933305954,0.9522544012108543,0.29784146910357134
B_c116,Bi-LSTM estándar,180,42,26.72833286039041,23.391212119329566,0.7501455974868976,-0.10434480450647632
B_c117,Bi-LSTM estándar,180,42,35.02079333135598,33.214226114908875,1.0470845585681934,-0.04444721148437836
B_c118,Bi-LSTM estándar,180,42,84.97839119257112,66.78091290014355,2.0673045507918415,-0.1762144873690088
B_c119,Bi-LSTM estándar,180,42,41.297566415558045,39.32241089237757,1.230474257176446,-0.17907242669109413
B_c120,Bi-LSTM estándar,180,42,23.159293133035508,20.42076374962218,0.6652702319426732,-0.03380920357798378
B_c121,Bi-LSTM estándar,180,42,41.91514318410673,38.01529322720483,1.1770046313415934,0.14080699462058066
B_c122,Bi-LSTM estándar,180,42,47.58732017219811,45.29377768496555,1.3720693169870644,0.14556383567150055
B_c123,Bi-LSTM estándar,180,42,25.689696460073588,22.543649305216462,0.750037751308682,-1.5018050003706716
B_c124,Bi-LSTM estándar,180,42,69.21690090602432,58.47374003019786,1.874449827042573,-11.291813853589629
B_c125,Bi-LSTM estándar,180,42,45.21692820415567,38.89365397215343,1.2837484994128083,-1.910430988392402
B_c126,Bi-LSTM estándar,180,42,38.79187757448322,36.81502766207738,1.200958702567557,-4.872267041897746
B_c127,Bi-LSTM estándar,180,42,19.905624549430822,17.713019495864167,0.5789864861769546,-1.8130477119617412
B_c128,Bi-LSTM estándar,180,42,160.25722943312394,154.73954534047442,5.083876439988073,-2.2252923603621033
B_c129,Bi-LSTM estándar,180,42,63.751942309059714,50.75254655027842,1.6225237967315338,-25.454368785502165
B_c130,Bi-LSTM estándar,180,42,37.41591047249547,33.46239017079663,1.0594760574854423,-0.03143548273064267
B_c131,Bi-LSTM estándar,180,42,194.57667358705606,155.46686443067279,5.175928482790432,-1.5707377228047106
B_c132,Bi-LSTM estándar,180,42,14.768059375251543,12.84813623657229,0.4185994711091841,0.22168559913953334
B_c133,Bi-LSTM estándar,180,42,72.16344360769205,57.92134383029033,1.9417701585348113,-66.96197509217556
B_c134,Bi-LSTM estándar,180,42,80.5946703121757,66.77730896214071,2.134998577163137,-47.67655556140557
B_c135,Bi-LSTM estándar,180,42,28.374720317040715,25.85738731050039,0.8410911544973233,-0.6608148829958458
B_c136,Bi-LSTM estándar,180,42,110.37718153154242,85.27935364539736,2.840197391311034,-1.063058718478815
B_c137,Bi-LSTM estándar,180,42,30.484570308309724,26.492094364420588,0.8455443178109473,0.36425563057684684
B_c138,Bi-LSTM estándar,180,42,174.46591012056393,138.73399061962309,4.609635897566209,-1.6385778624308114
B_c139,Bi-LSTM estándar,180,42,159.18164806965333,118.32111773826966,3.963664434079427,-1.645404186185055
B_c140,Bi-LSTM estándar,180,42,22.99102516504056,19.810156324986032,0.6346178238468607,0.04079500756163579
B_c141,Bi-LSTM estándar,180,42,28.78891340957052,25.498313628641796,0.8316218331759266,-0.17455042828110479
B_c142,Bi-LSTM estándar,180,42,30.031658365068072,24.576814831470323,0.8037765354768387,-5.742759999182007
B_c143,Bi-LSTM estándar,180,42,50.840718986223294,47.69278913545156,1.4845642628415514,-0.5815083112280621
B_c144,Bi-LSTM estándar,180,42,88.27588114648364,73.46199043956943,2.4621539396038394,-1.2569451203807414
B_c145,Bi-LSTM estándar,180,42,49.3576546604992,39.80586076078864,1.2892464114234332,-16.30921495145765
B_c146,Bi-LSTM estándar,180,42,40.63595568238939,31.32420231330505,1.0431513054221484,-16.504482953613955
B_c147,Bi-LSTM estándar,180,42,42.476613757109924,36.028331851632245,1.2092507274598971,-24.464532153555425
B_c148,Bi-LSTM estándar,180,42,84.07087906925035,65.29182029564264,2.082912548268335,-46.487185651546554
B_c149,Bi-LSTM estándar,180,42,33.266396823068916,29.034711237444185,0.9333959791562165,-6.120100124550575
B_c150,Bi-LSTM estándar,180,42,18.673569518975143,16.07398203059604,0.5246022254320714,-0.2137443520849014
B_c151,Bi-LSTM estándar,180,42,37.402743025243915,35.031643463716,1.0936530195134977,0.21418671522234456
B_c152,Bi-LSTM estándar,180,42,18.695026074901545,14.040725142560758,0.4719579160376146,-3.12150416902895
B_c153,Bi-LSTM estándar,180,42,30.253256346962615,24.08181182229181,0.7707096646766227,-5.159664390579494
B_c154,Bi-LSTM estándar,180,42,15.354274591899356,13.210531698826381,0.43282033605736336,0.08058569389391423
B_c155,Bi-LSTM estándar,180,42,13.014533128375959,10.438452832539879,0.3424029083629533,0.4634110339938633
B_c156,Bi-LSTM estándar,180,42,14.96278480624741,11.875332638767796,0.38227962678447147,0.02283565659737563
B_c157,Bi-LSTM estándar,180,42,88.8330082743191,68.9120933514549,2.240662160007643,-51.137274765074984
B_c158,Bi-LSTM estándar,180,42,233.666312423433,180.20259452456517,6.01435297513284,-1.4495861081153607
B_c159,Bi-LSTM estándar,180,42,51.73724299072527,48.41482975914361,1.4991906726163418,-0.17132067906900428
B_c160,Bi-LSTM estándar,180,42,130.33241723987592,99.43317732493077,3.2564482154365177,-2.08231517470738
B_c161,Bi-LSTM estándar,180,42,29.572142422016597,27.15537089502244,0.8454194060690933,0.42084672010638546
B_c162,Bi-LSTM estándar,180,42,27.97398355597107,22.220135064987897,0.7204394247787193,-4.253318804859873
B_c163,Bi-LSTM estándar,180,42,20.127144648196573,16.7081480243501,0.5289636676198957,0.6398085379407873
B_c164,Bi-LSTM estándar,180,42,30.579615933598188,27.086645459056992,0.8497908594413474,0.4804178421492741
B_c165,Bi-LSTM estándar,180,42,217.08289104279,167.26369379286996,5.6218116510348946,-1.4592463302935306
B_c166,Bi-LSTM estándar,180,42,15.59042535039255,11.654025360470772,0.3736545195078008,-0.018669906490734967
B_c167,Bi-LSTM estándar,180,42,73.45573538813855,53.116333620125914,1.7786797202085936,-56.3585367969074
B_c168,Bi-LSTM estándar,180,42,49.22565169469193,39.28774274110338,1.2565094137367592,-13.233958171251894
B_c169,Bi-LSTM estándar,180,42,39.98965789322108,33.13274650689991,1.1071684594700748,-10.771192052688198
B_c170,Bi-LSTM estándar,180,42,73.40669883751093,57.232432231576134,1.8130354852667465,-30.75365820973684
B_c171,Bi-LSTM estándar,180,42,43.722975147052054,36.297777164640856,1.1679152016343768,-10.907060562136406
B_c172,Bi-LSTM estándar,180,42,33.17992077919833,26.0092275206066,0.8671572143108384,-10.18770944468344
B_c173,Bi-LSTM estándar,180,42,45.37519535588179,38.462121536472864,1.2853094620333512,-16.67073808183671
B_c174,Bi-LSTM estándar,180,42,24.916871021856032,22.696456049673927,0.7352252661079841,0.3738135657665569
B_c175,Bi-LSTM estándar,180,42,15.129214172357372,12.618805003356966,0.41668202919150027,-0.32872517314392224
B_c176,Bi-LSTM estándar,180,42,202.29303578399967,151.84317296396893,5.1179097946436505,-1.618356192640511
B_c177,Bi-LSTM estándar,180,42,29.348984029854524,25.834471175420866,0.807396641211549,0.3760425667022854
B_c178,Bi-LSTM estándar,180,42,14.691858607273614,12.527883464195543,0.4103359746778919,0.33934040123796516
B_c179,Bi-LSTM estándar,180,42,24.055894606398617,21.634942611984947,0.6841959034733036,0.10245540927526153
B_c180,Bi-LSTM estándar,180,42,15.852483326934795,12.754631313360346,0.42504477460334156,0.3153942558674071
B_c181,Bi-LSTM estándar,180,42,30.921374761389867,27.485666370064887,0.8822489468937276,-0.2418451492352065
A_c001,Persistencia,60,58,38.58485113667023,29.97198377379135,0.9561633324772142,0.6591203327749933
A_c002,Persistencia,60,58,143.76148804141513,78.98371973712383,2.538490883540294,-0.573638784096856
A_c003,Persistencia,60,58,141.37210158443168,74.25814371739195,2.3972273020865105,-0.5000598932348044
A_c004,Persistencia,60,58,19.794702670147263,14.092542190196726,0.4642053720300294,0.36648270991278153
A_c005,Persistencia,60,58,25.50524395022363,18.822446763933115,0.6065358414878881,0.4668772746089135
A_c006,Persistencia,60,58,20.42202215685482,14.23618471879841,0.4839181034489527,0.273891258750282
A_c007,Persistencia,60,58,17.853065159605233,11.411116800508198,0.39131154832153037,-0.03054693012677956
A_c008,Persistencia,60,58,17.475537642915977,11.145084899053671,0.3796880722724222,0.0020848784838947143
A_c009,Persistencia,60,58,23.425575392247236,17.054384280030334,0.5454443837434647,0.4416297774767126
A_c010,Persistencia,60,58,23.909349524957655,17.052695443453292,0.5472910292220304,0.42703513956054084
A_c011,Persistencia,60,58,35.49927806450562,26.330223763381543,0.8247190359830819,0.5358558881489611
A_c012,Persistencia,60,58,15.620364760196432,9.240736040909317,0.30533381513390356,-1.023441960630358
A_c013,Persistencia,60,58,20.070427417477603,13.654521416674305,0.46438404045400294,0.18266978151955893
A_c014,Persistencia,60,58,15.671285956641867,8.257373047855761,0.2696557981021714,-1.0547990718958973
A_c015,Persistencia,60,58,19.77635126814392,13.636085460050513,0.44509813752642446,0.45678469243670783
A_c016,Persistencia,60,58,26.378978804879228,19.927024634290735,0.6331217545012783,0.5218518837723054
A_c017,Persistencia,60,58,17.18923744482925,10.715526574196168,0.3482809720904019,-0.1636778932168037
A_c018,Persistencia,60,58,194.86849172375676,101.62461389699573,3.259233497665231,-0.4838707281236654
A_c019,Persistencia,60,58,16.33472391112344,10.692290819142356,0.3536906813049281,0.1930121651542982
A_c020,Persistencia,60,58,17.463757263531733,12.003530726160148,0.39219952041351436,0.325828204025556
A_c021,Persistencia,60,58,16.516921265557563,10.737920569910656,0.3490572347940531,0.2704511074392123
A_c022,Persistencia,60,58,19.727261828040678,13.77705668619284,0.44892664121421566,-0.21336681064944907
A_c023,Persistencia,60,58,20.632698817058966,13.489407247507708,0.4380006430855935,0.2704434405000049
A_c024,Persistencia,60,58,14.780855202785737,11.226741770751394,0.36652868261877336,0.45440268826485297
A_c025,Persistencia,60,58,27.810147404528454,18.357440290149338,0.5888466197293227,0.25786429670717825
A_c026,Persistencia,60,58,153.74745151395285,84.78264157114292,2.757801226582418,-0.5367369219268696
A_c027,Persistencia,60,58,15.259534465950859,9.660283069780393,0.32037117499122464,-0.08363072601322807
A_c028,Persistencia,60,58,17.366208581244262,12.401176342730915,0.40995255324561736,0.38351139071766716
A_c029,Persistencia,60,58,34.80765953977371,25.541430037890294,0.8035564165923843,0.5364696953429966
A_c030,Persistencia,60,58,31.93528315253173,25.06671891194971,0.7824181513707694,0.5113352248848182
A_c031,Persistencia,60,58,27.67327350577503,20.896044185210766,0.6671766960121305,0.5294451433245762
A_c032,Persistencia,60,58,24.44349958883769,17.277460748735987,0.5517548393744844,0.4044963763614987
A_c033,Persistencia,60,58,37.93838617908393,30.461143898917882,0.9523336124473333,0.585933309008816
A_c034,Persistencia,60,58,105.64949361773246,61.54290394265294,1.988796916079626,-0.5433394462165859
A_c035,Persistencia,60,58,17.79119123567241,11.616675731336475,0.3803352792340797,0.15519859841566397
A_c036,Persistencia,60,58,112.89464869437305,62.981411114482675,2.044386234296422,-0.5483323994268248
A_c037,Persistencia,60,58,28.891088465274837,22.04067216385824,0.6949632285494672,0.5256215293248547
A_c038,Persistencia,60,58,67.56427097723291,43.26793605286111,1.3760465918730604,-0.5454293431661983
A_c039,Persistencia,60,58,34.953093658768154,27.73021784862746,0.8676798726787304,0.5513417528928708
A_c040,Persistencia,60,58,118.53992283183477,71.7233345515713,2.3297527826296225,-0.5699446393695093
A_c041,Persistencia,60,58,29.523984200647725,22.304779428701814,0.7010575639463784,0.4575762958803844
A_c042,Persistencia,60,58,121.91838308895466,72.22184491003964,2.3415905278435902,-0.5906837759709584
A_c043,Persistencia,60,58,25.839787814102152,19.009933740561433,0.6079145052302914,0.43445260186551937
A_c044,Persistencia,60,58,29.08030801672144,22.111150881284296,0.7042837551338528,0.5012052894622014
A_c045,Persistencia,60,58,25.11122053087194,18.019927738310557,0.5785628137697358,0.41842917405703295
A_c046,Persistencia,60,58,121.39040614614991,67.39758328197496,2.1967099718731666,-0.5630870460104258
A_c047,Persistencia,60,58,30.15548987351647,23.730611324704505,0.7434985287727968,0.5575441053255576
A_c048,Persistencia,60,58,27.604062651456463,21.15139944189862,0.6695331251718155,0.49388830451725796
A_c049,Persistencia,60,58,117.4125235370379,68.34365483915666,2.2301547553148726,-0.5525272925148226
A_c050,Persistencia,60,58,32.671853078044506,25.75564145754353,0.8122555514148755,0.49519987469661364
A_c051,Persistencia,60,58,37.135205393002536,29.91248906776293,0.9365161006286262,0.5362306574999101
A_c052,Persistencia,60,58,133.41760223865785,75.58660787321617,2.4518802620247717,-0.5925733571899083
A_c053,Persistencia,60,58,22.550476380218722,16.157980690368767,0.5189605802858304,0.38588824352783957
A_c054,Persistencia,60,58,31.927248116858564,24.684715122987146,0.7729382133491458,0.5463888186157079
A_c055,Persistencia,60,58,27.7766378738803,20.046595227636644,0.6376361775727707,0.42172146780877395
A_c056,Persistencia,60,58,15.738849204623456,8.591517823975193,0.2802743236221724,-1.0914671324837824
A_c057,Persistencia,60,58,37.908829813301786,28.845490774522816,0.9043947368503629,0.5520471862909522
A_c058,Persistencia,60,58,57.599378800284526,26.228915038236853,0.8291320265622003,0.24171274964206213
A_c059,Persistencia,60,58,76.77587666612398,51.86541533116964,1.5454921012629839,0.44360596719079504
A_c060,Persistencia,60,58,42.211826439327666,28.36330941284993,0.8770526625297783,0.44485535713633695
A_c061,Persistencia,60,58,51.39000104001441,27.273636948401496,0.8760000857520162,0.150734651563051
A_c062,Persistencia,60,58,26.73721325814398,18.692374239952812,0.6037007833042002,-0.19407085720792705
A_c063,Persistencia,60,58,34.043722603906446,27.92719986787746,0.8774837400248807,0.5759922478213391
A_c064,Persistencia,60,58,22.829985624910364,15.732263607225784,0.5015936411392194,0.29518697827895746
A_c065,Persistencia,60,58,20.206753630572443,14.3424970126929,0.4827361369930197,0.26909470757907483
A_c066,Persistencia,60,58,32.26157252790599,24.299269363729202,0.7577280735722262,0.4379267131889487
A_c067,Persistencia,60,58,151.56978401811617,89.76405238578907,2.8782141384444992,-0.5807956131972984
A_c068,Persistencia,60,58,19.445153274175937,12.945678803614099,0.43553170437962946,0.2011380596507567
A_c069,Persistencia,60,58,114.75245729123938,65.29223527284537,2.113530273993673,-0.5790491210363673
A_c070,Persistencia,60,58,149.16978681726772,81.93984048180845,2.6470459064701517,-0.5395901805041872
A_c071,Persistencia,60,58,20.588211698022306,15.271680000818064,0.5141651706247602,0.27974401525403136
A_c072,Persistencia,60,58,17.021621567092698,10.006933837487265,0.32842417651679057,0.032285717577755335
A_c073,Persistencia,60,58,22.17801353971326,14.44179810087418,0.47094842767259165,-0.5652289651525662
A_c074,Persistencia,60,58,32.41346608126131,20.8524319059391,0.6910665296395629,0.2201806811052982
A_c075,Persistencia,60,58,125.67499359540426,78.37485364361925,2.465524267465927,-0.5867707187638449
A_c076,Persistencia,60,58,16.650614734899563,9.986373598872317,0.3278874394056841,-0.20404845449468834
A_c077,Persistencia,60,58,20.768236565198407,15.345795108044724,0.5156473823442197,0.3623875686159126
A_c078,Persistencia,60,58,21.639714699288707,16.194981214545756,0.5430214047114266,0.44149932294122873
A_c079,Persistencia,60,58,21.445284685612076,14.687282805935041,0.4943884271246092,0.3973153759808149
A_c080,Persistencia,60,58,21.00370547978868,14.646578709048978,0.4956952250953234,0.25650548548808383
A_c081,Persistencia,60,58,130.06062490817996,75.24913837239878,2.4400852756060347,-0.5881277223414405
A_c082,Persistencia,60,58,27.751014219873955,20.312897444475738,0.6392635791502264,0.4606250865661772
A_c083,Persistencia,60,58,22.97052638032603,17.36168446561492,0.5865933045905722,0.4308554135955862
A_c084,Persistencia,60,58,175.69573951139057,113.64099908566897,3.4867447679559405,-0.500463427154765
A_c085,Persistencia,60,58,21.96705030737968,15.61113465931888,0.5221971436580344,0.2352102911788433
A_c086,Persistencia,60,58,19.255448536853255,13.469115518737219,0.45060669091869576,0.3034926616536737
A_c087,Persistencia,60,58,21.869888719435153,16.156601329280022,0.541738111063937,0.3450290162594414
A_c088,Persistencia,60,58,18.28225094111048,12.727155468600133,0.42505610635241303,0.2664755714878445
A_c089,Persistencia,60,58,19.1851963894217,13.743322858193514,0.4611098192830623,0.1695700536618523
A_c090,Persistencia,60,58,17.268512522691257,10.758587229937053,0.3516292453670251,-0.46456958640578083
A_c091,Persistencia,60,58,19.678527972785634,14.094023056772091,0.47516837172942705,0.24987154965781344
A_c092,Persistencia,60,58,30.975096372089144,23.60147020172995,0.7401597335285526,0.50782240113546
A_c093,Persistencia,60,58,19.740007016717637,13.513950759031895,0.44939159821215074,0.3018394634393282
A_c094,Persistencia,60,58,17.881155371497673,12.16998229126585,0.4091612028580686,-0.022165900423139373
A_c095,Persistencia,60,58,17.4019857145006,10.61766127703049,0.3510980285518235,-0.33719529435974027
A_c096,Persistencia,60,58,16.131275390445712,9.743373011648261,0.31894746898647214,0.028703643624584996
A_c097,Persistencia,60,58,23.031775862430322,16.874928249477943,0.5698374125606546,0.4607141027690401
A_c098,Persistencia,60,58,32.10600902640518,24.528724313472846,0.7766180420529235,0.4970068042053618
A_c099,Persistencia,60,58,20.442115097688628,13.242772388461633,0.4251335532402723,0.2934688470222422
A_c100,Persistencia,60,58,23.32218317588596,17.511842821570536,0.5939109531961478,0.4645569571641913
A_c101,Persistencia,60,58,17.85078531597746,10.922451078094195,0.35740100543669884,0.11752039094858624
A_c102,Persistencia,60,58,16.611902883506023,10.368958128231988,0.3384614639950297,-0.12535062916488737
A_c103,Persistencia,60,58,20.804713499902626,14.940708098113294,0.5064509214494209,0.3080600585616191
A_c104,Persistencia,60,58,131.96480750431115,76.80796375047495,2.4799211304614794,-0.5803874724618909
A_c105,Persistencia,60,58,17.8721302723406,11.698591228995678,0.3828280877182119,-0.10002419348294489
A_c106,Persistencia,60,58,21.740684234084114,15.532617882170603,0.5252558632075153,0.3541955981860684
A_c107,Persistencia,60,58,19.810964124529914,14.087461528735473,0.4805237179485256,0.28925921098268526
A_c108,Persistencia,60,58,20.59457832760466,14.992246971689223,0.5068656362343398,0.4052712124076807
A_c109,Persistencia,60,58,20.217595616888417,13.74371639836616,0.4662376704829236,0.24839134435678678
A_c110,Persistencia,60,58,19.319300034208116,13.763652887510139,0.46877840316244074,0.2909706477200381
A_c111,Persistencia,60,58,19.88468578778833,13.790888521196203,0.4689286361525832,0.255127611060858
A_c112,Persistencia,60,58,28.70110250739319,22.01207415613108,0.7372317596707619,0.5316590763617652
A_c113,Persistencia,60,58,20.306437116117863,14.379248904314672,0.4907717035996191,0.3218494818693005
A_c114,Persistencia,60,58,14.385768542284971,8.26172746234358,0.27536237552509824,-0.40173036415342533
A_c115,Persistencia,60,58,21.701501162765883,15.96863058856455,0.5444436325655759,0.11211436755994686
A_c116,Persistencia,60,58,154.76986912647976,93.55616812984812,2.9384020568023783,-0.5838117070569675
A_c117,Persistencia,60,58,22.726002062215766,16.965805382309355,0.5595269167504034,0.5009846090029852
A_c118,Persistencia,60,58,18.73037637490912,12.827237526010842,0.4388291259598772,-0.06434533453647817
A_c119,Persistencia,60,58,18.405866346883318,12.517239273667903,0.4256536320896068,0.10765502988129849
A_c120,Persistencia,60,58,21.987732998942064,15.766200922319586,0.5313745289598051,0.32558167442772945
A_c121,Persistencia,60,58,47.861924515084596,30.239521397317638,0.9958010474142017,-3.679347267944652
A_c122,Persistencia,60,58,22.30908775024814,15.114241602274932,0.4846542463448437,0.33802272906845354
A_c123,Persistencia,60,51,37.23413865208228,28.861901485177487,0.9169598405729908,0.3443494604234403
A_c124,Persistencia,60,51,70.27502539108589,47.62331375953717,1.5166399604637169,-0.45587003480694666
A_c125,Persistencia,60,58,20.64238258664065,14.898173043561817,0.5107453128794323,0.29262722182315026
A_c126,Persistencia,60,58,113.73916669083347,66.40012269907399,2.145254115169671,-0.6001480006149931
A_c127,Persistencia,60,58,124.47740714907138,76.17434050189809,2.415966309939601,-0.5372464243019976
A_c128,Persistencia,60,58,28.6876850547983,21.91722106175821,0.6966086787352085,0.4773903993508273
A_c129,Persistencia,60,58,88.72750328349679,55.43887307250958,1.766011233499838,-0.5872568836482497
A_c130,Persistencia,60,58,179.21089119397993,97.96037040591054,3.1066842883755044,-0.48037965836636287
A_c131,Persistencia,60,58,36.529693627727035,29.69674223310706,0.9285121240085996,0.5632288718956042
A_c132,Persistencia,60,58,130.4354059045657,75.45579436259601,2.432138845556419,-0.6141859795706983
A_c133,Persistencia,60,58,17.914445319661127,12.070610608526954,0.4013995748204927,0.363567380570496
A_c134,Persistencia,60,58,162.7914187497292,91.05634511958333,2.8349147496922966,-0.5228406956354583
A_c135,Persistencia,60,58,21.02823271233111,15.278478188875098,0.5211920574009347,0.38169430100686197
A_c136,Persistencia,60,58,31.44360177985097,23.873658116643067,0.7439711263921648,0.4058720222823258
A_c137,Persistencia,60,58,35.70455337696074,27.865718824947994,0.8738808213068416,0.5605624544862626
A_c138,Persistencia,60,58,28.85938460328175,21.37597049504404,0.6716183187412266,0.4695832941995771
A_c139,Persistencia,60,58,36.19066164309776,29.0432626093946,0.9079534082900317,0.5716159237336904
A_c140,Persistencia,60,58,115.90653229748273,66.03913499993982,2.1395885190397723,-0.5797744952991026
A_c141,Persistencia,60,58,19.07526068863562,13.000850330956958,0.44147603496636845,0.3847369634393275
A_c142,Persistencia,60,58,18.708620038101763,12.860463495808954,0.43691235649389887,0.2856667574749453
A_c143,Persistencia,60,58,15.82083856620924,10.11296380330051,0.3344605973758079,0.17260921611104374
A_c144,Persistencia,60,58,33.127104124387394,25.626556331251393,0.8011394066302656,0.4972750602929783
A_c145,Persistencia,60,58,26.167906727054987,19.89593794517912,0.638090344622864,0.5093797950139581
A_c146,Persistencia,60,58,134.76185797350712,79.42323581437488,2.551786643202417,-0.5674749010919586
A_c147,Persistencia,60,58,27.328264549928665,19.501385005710375,0.6179276338830132,0.4290366204615236
A_c148,Persistencia,60,58,26.439962148520227,19.586807765206572,0.6262436417973216,0.4889726956133591
A_c149,Persistencia,60,58,29.160362052937497,21.913767856278568,0.6933948920792725,0.4969315811359071
A_c150,Persistencia,60,58,30.068249200983892,23.33874869993587,0.7409878707451033,0.48151767811280355
A_c151,Persistencia,60,58,26.372690760292496,19.61127797950807,0.6189423009885673,0.48431245076524176
A_c152,Persistencia,60,58,135.84455198394164,81.84122060797453,2.610350991634763,-0.5938118639272116
A_c153,Persistencia,60,58,34.25944419537667,27.52200342161793,0.8598348276470389,0.5842286536608958
A_c154,Persistencia,60,58,21.67458940217652,15.93379339574448,0.5372920399750024,0.4277727146751884
A_c155,Persistencia,60,58,19.579998235737527,12.655983055558373,0.4107254263998215,0.1855947083730486
A_c156,Persistencia,60,58,23.008966951357777,16.504169755645158,0.5434244180926412,0.4952324491604557
A_c157,Persistencia,60,58,21.83857244020655,15.508398811871198,0.5062783964735954,0.40477685118543316
A_c158,Persistencia,60,58,27.753125013264977,20.414805299733494,0.6450077057465097,0.5182310851450631
A_c159,Persistencia,60,58,30.04036183249608,22.205094455231343,0.6965509031723589,0.44439414180324466
A_c160,Persistencia,60,58,29.2907337759649,21.55799512419564,0.6838855555479884,0.5189288562382814
A_c161,Persistencia,60,58,26.647942402687942,19.432413427326527,0.6115462541585263,0.44283798739859526
A_c162,Persistencia,60,58,131.47628935419064,79.18346508505827,2.565250477649654,-0.5922800454137209
A_c163,Persistencia,60,58,132.784316908209,77.97427589010795,2.495585970177787,-0.5807697585250169
A_c164,Persistencia,60,58,100.35910923057266,56.942533471873574,1.8384242810832663,-0.5948570570455234
A_c165,Persistencia,60,58,23.67798065191412,15.896378189909813,0.5153816005938281,0.27220056539508375
A_c166,Persistencia,60,58,16.320026930862916,10.104836580688094,0.33363616072637947,0.20118362445246518
A_c167,Persistencia,60,58,22.837276363852048,15.753357963370451,0.5071332207344592,0.3057095630273592
A_c168,Persistencia,60,58,15.979359552221226,9.160446507646974,0.3019678225024855,-0.25433696519904303
A_c169,Persistencia,60,58,36.08046477406105,29.359664744640174,0.9206303296613969,0.5518439920706526
A_c170,Persistencia,60,58,152.85011436450554,92.0837162383117,2.8782161132683473,-0.5436054251617117
A_c171,Persistencia,60,58,18.071469358078932,11.404173514060476,0.37096038611767157,-0.09780006042366796
A_c172,Persistencia,60,58,23.483088251774646,17.092734373847225,0.5621093730054274,0.4776409423378972
A_c173,Persistencia,60,58,37.70142259594874,29.987168493349074,0.9369111946943183,0.5786981595305527
A_c174,Persistencia,60,58,26.852851743107195,19.920452119124704,0.6343953685458443,0.4857524778384429
A_c175,Persistencia,60,58,33.813801696941766,26.876556035858698,0.84316281838563,0.5491648966914942
A_c176,Persistencia,60,58,103.52542837786717,64.90187717476809,2.0325839672227715,-0.5749526731791221
A_c177,Persistencia,60,58,18.138596749707876,13.261327975257549,0.44500935444362916,0.3491726194910598
A_c178,Persistencia,60,58,19.69647850325563,13.598323262369462,0.46341712193547124,0.28221551334072736
A_c179,Persistencia,60,58,20.766314708039264,13.596190700742243,0.4388602106315923,0.21496184952946384
A_c180,Persistencia,60,58,21.824409882020458,14.3755732939422,0.4874749405516305,0.12234081094393301
A_c181,Persistencia,60,58,17.817605887417866,12.025866265148862,0.41057289618974385,0.010347046275344995
B_c001,Persistencia,60,58,124.52415851495883,74.44960585392022,2.2822050156009586,0.17868566891650506
B_c002,Persistencia,60,58,34.315613895693254,26.546050476301403,0.8307325851466495,0.5897114986391847
B_c003,Persistencia,60,58,30.50130222490057,23.299917499300932,0.7382675253754152,0.5783252062920945
B_c004,Persistencia,60,58,36.86810865678975,29.044785101941013,0.898054054363814,0.5306150612634486
B_c005,Persistencia,60,58,19.53944107356067,12.93009681220149,0.44112755656819347,0.0669718503260276
B_c006,Persistencia,60,58,32.93845043027739,26.123780630394215,0.8202352132194396,0.5796328518738062
B_c007,Persistencia,60,58,32.43239849370818,24.997705725771482,0.7875559565203456,0.5586460695843983
B_c008,Persistencia,60,58,29.447064466203535,21.927359478426364,0.699711126468978,0.5048874105025463
B_c009,Persistencia,60,58,36.121602842428445,28.73244740664613,0.9019725459910573,0.5875647488739613
B_c010,Persistencia,60,58,30.899569852007797,23.902634970965828,0.7601379442397646,0.5308161872959098
B_c011,Persistencia,60,58,97.92281172383369,60.349945890400214,1.8419966249309934,0.14227464397246603
B_c012,Persistencia,60,58,31.134319707831718,24.38553419328602,0.7731062955555938,0.57017260137764
B_c013,Persistencia,60,58,36.02170131207776,29.15784023413395,0.9141604391418,0.5890431403191556
B_c014,Persistencia,60,58,33.68945634467203,25.677924633262304,0.8013198705415923,0.5683828716368614
B_c015,Persistencia,60,58,30.57899132200226,23.8316872421795,0.7560683844892372,0.5646534702337342
B_c016,Persistencia,60,58,40.074161663565626,21.684161586222263,0.7078224428284142,0.23886108533133965
B_c017,Persistencia,60,58,40.489251772565495,33.063178312728034,1.0240616015665422,0.6017779693868082
B_c018,Persistencia,60,58,35.97197673801651,28.1554452997251,0.874583989577919,0.5943724196907183
B_c019,Persistencia,60,58,32.924759184936036,25.611428645466905,0.8034164673341745,0.5896998593031713
B_c020,Persistencia,60,58,83.31574122375667,45.58977224756543,1.4193803626051895,-0.015102369798939419
B_c021,Persistencia,60,58,100.15868158366189,51.97457187432978,1.621290353853376,-0.008729632645443797
B_c022,Persistencia,60,58,31.383514547899118,23.11704707242903,0.7274380334886271,0.5334258047214393
B_c023,Persistencia,60,58,29.157609091382334,21.151464975830837,0.6739399285687678,0.50177302395027
B_c024,Persistencia,60,58,34.27385013877575,27.06417242872721,0.8513788161745719,0.5891486142847754
B_c025,Persistencia,60,58,30.168278240666947,22.85296666851963,0.7242714466995028,0.5429575220411211
B_c026,Persistencia,60,58,38.095113709942225,30.735119741934167,0.9513196558660286,0.6120528095982991
B_c027,Persistencia,60,58,33.45610856294093,17.786707670524248,0.6013570269020919,0.1583273194690511
B_c028,Persistencia,60,58,35.74753255281153,28.935257709012944,0.8886805923738558,0.6128239394401664
B_c029,Persistencia,60,58,32.8357323660727,24.39595821650721,0.7452273961159603,0.5344990447820184
B_c030,Persistencia,60,58,25.534642001463624,18.122650716971712,0.5775045807818471,0.5242942490099249
B_c031,Persistencia,60,58,37.72062012678042,19.281743781946428,0.6399623871461886,0.1141442708388416
B_c032,Persistencia,60,58,34.86713955223903,28.03481188618328,0.8737937631968604,0.6171961420175157
B_c033,Persistencia,60,58,34.38312672796984,27.21517566311711,0.8451783900777707,0.5864183616564678
B_c034,Persistencia,60,58,40.07244656709667,32.698572369587964,1.0179211382219293,0.5945147715726034
B_c035,Persistencia,60,58,23.250651298816933,16.689958518191222,0.5629673789465697,0.38933236934014226
B_c036,Persistencia,60,58,20.596518706550444,14.255103486313548,0.48727242838265616,0.07724071482503736
B_c037,Persistencia,60,58,33.23332454279746,23.792790777317194,0.7299892445379856,0.3904136273741753
B_c038,Persistencia,60,58,38.30613659909416,31.530476371471128,0.9681637978598174,0.6564082178640465
B_c039,Persistencia,60,58,43.93945400066725,34.91166449033697,1.0713994714605914,0.6078150820548507
B_c040,Persistencia,60,58,91.44757194723203,49.91939240151861,1.5434932048344303,-0.0008913918338602222
B_c041,Persistencia,60,58,49.6516001270892,25.941158015238557,0.8509961227548188,0.07685334193476134
B_c042,Persistencia,60,58,37.69304370087558,30.199950470625588,0.9347021513117183,0.6036918148526738
B_c043,Persistencia,60,58,38.860412309133366,21.05971684315224,0.7061026897181956,-0.06793798893816194
B_c044,Persistencia,60,58,34.14216697261379,26.577696033503827,0.8322293167233359,0.5811162885153869
B_c045,Persistencia,60,58,27.90245585251505,21.810075859788387,0.6958582126388868,0.5377376342205348
B_c046,Persistencia,60,58,71.46604313801308,49.70454491018874,1.5204501091484712,0.30456197525285844
B_c047,Persistencia,60,58,31.511129424277577,24.74544960615117,0.7776373467440991,0.563611504783583
B_c048,Persistencia,60,58,39.94243187837737,20.31777218362451,0.6482964575028591,0.08561811844137457
B_c049,Persistencia,60,58,26.985540717602916,14.05203291824295,0.4697145879690254,0.011384683818637664
B_c050,Persistencia,60,58,16.289948906531727,9.103792751598158,0.30237937868367043,-0.5918054910283701
B_c051,Persistencia,60,58,29.43789622959681,15.418197726292934,0.5145014620580599,0.08758757625664715
B_c052,Persistencia,60,58,24.090217048312848,17.999636702192095,0.6070609961951844,0.4265423653568302
B_c053,Persistencia,60,58,16.93160593418735,9.25808299140167,0.30151894724699807,-3.7709000226238736
B_c054,Persistencia,60,58,19.69255890391142,12.768872875493308,0.41927244735995445,-3.6887823148502425
B_c055,Persistencia,60,58,21.33912036609317,14.551361294657642,0.4923968579096753,0.249110377836677
B_c056,Persistencia,60,58,21.099376600639616,14.860486585822603,0.5055091384598579,0.31317560879388084
B_c057,Persistencia,60,58,32.24987564457615,16.597525308738,0.5314384692541951,-0.023339267730628555
B_c058,Persistencia,60,58,26.689425625396602,19.972459970226865,0.6462304137287516,0.5421753085589174
B_c059,Persistencia,60,58,26.844822222060504,16.840421745549573,0.5713442489593091,-0.5903882574596746
B_c060,Persistencia,60,58,32.765648997020094,24.29803551128691,0.7596279212048949,0.5475617783369338
B_c061,Persistencia,60,58,18.223648593563386,12.28877126153829,0.406883295836047,-0.14501840536827437
B_c062,Persistencia,60,58,30.95835955573138,23.6690334126741,0.767564250036963,-0.38304994715029617
B_c063,Persistencia,60,58,40.7370574774729,22.289462943824848,0.7449056766532333,-0.12464349452184642
B_c064,Persistencia,60,58,34.59540601343583,27.116037513223347,0.8484030961235955,0.5762899404987432
B_c065,Persistencia,60,58,29.828549362138098,22.418331196492463,0.7086267797484,0.5110262914198318
B_c066,Persistencia,60,58,55.045089080482626,31.869040523502395,1.0699549790267089,-0.20565253111970994
B_c067,Persistencia,60,58,29.79306079167652,23.11466298594652,0.7322275440424827,0.5345516578683274
B_c068,Persistencia,60,58,24.056048562779104,17.182368611702234,0.5591358405508151,0.4431005516529203
B_c069,Persistencia,60,58,43.99331145358117,36.29038286651562,1.1199500765682915,0.6105383985082444
B_c070,Persistencia,60,58,110.42408302072178,71.65482694295986,2.1917887169256067,0.24544939951846656
B_c071,Persistencia,60,58,94.31608293932949,66.16279544425758,1.9914631070972526,0.3235302239060327
B_c072,Persistencia,60,58,33.04675360611994,26.197689320374675,0.818233780165464,0.5655447488520478
B_c073,Persistencia,60,58,30.67984319028235,23.844869581336294,0.7630278791306023,0.5680788157300607
B_c074,Persistencia,60,58,44.2384407552734,26.719035340571207,0.8815229692038952,-0.3650637381993802
B_c075,Persistencia,60,58,56.81828415594159,32.19579006612162,1.026616678396706,0.3782039340778499
B_c076,Persistencia,60,58,28.050903897062366,17.998767462255508,0.6023603601897649,-1.0847468038547925
B_c077,Persistencia,60,58,25.576836311024948,18.09472291699802,0.5847056636087995,0.4106620927163075
B_c078,Persistencia,60,58,23.55051574767251,15.315305411499125,0.4954926771546604,0.4365913579702956
B_c079,Persistencia,60,58,32.332019435422986,25.47808728135218,0.8027539518767662,0.5940406861823575
B_c080,Persistencia,60,58,42.86521695286768,35.376258956352515,1.0955988493945004,0.6089952453931303
B_c081,Persistencia,60,58,52.58144354818271,27.730417561671832,0.9298132388700402,0.03452676268542376
B_c082,Persistencia,60,58,19.16904593643649,10.49682081496336,0.3436146684855066,-1.3925959330756905
B_c083,Persistencia,60,58,31.299823892538505,23.75770730928203,0.7391725010656822,0.5750155660310141
B_c084,Persistencia,60,58,30.00286123855005,23.162691122000545,0.7457556332146178,0.5422149501595339
B_c085,Persistencia,60,58,29.71625375245858,15.827751492073196,0.5084212538525259,-0.16338788689296324
B_c086,Persistencia,60,58,37.8587433358936,30.272549888005322,0.9402619830778246,0.5935405804375609
B_c087,Persistencia,60,58,41.080445113100886,33.490658176895465,1.035890505156893,0.6266078222144468
B_c088,Persistencia,60,58,36.190076213233354,20.020302240999868,0.679687310482677,-0.03593329831522407
B_c089,Persistencia,60,58,38.0676564456057,20.540307948544253,0.6933465589167179,-0.11574172222549839
B_c090,Persistencia,60,58,108.66715167101316,67.83582102959768,2.064345592955627,0.2082733734758636
B_c091,Persistencia,60,58,79.84963229660025,48.63489546844448,1.6407226385371905,-0.2645286461897465
B_c092,Persistencia,60,58,38.11424185590617,28.77206599519845,0.9123272727457863,0.12399244464794634
B_c093,Persistencia,60,58,32.09620602498723,25.489924350121996,0.8088397556250084,0.5932904889304796
B_c094,Persistencia,60,58,77.65081774262279,49.044921420333914,1.516024265550105,0.190471183232798
B_c095,Persistencia,60,58,36.565628410675025,18.96774603570806,0.6186651042026474,0.091258121992848
B_c096,Persistencia,60,58,27.77684740300946,16.783216379697585,0.5451070119979975,-0.5402900688716641
B_c097,Persistencia,60,58,23.011258667568043,12.12533877139379,0.3908447952937738,-0.5296266766093476
B_c098,Persistencia,60,58,22.3785242448858,13.494226559338067,0.442930898865685,-1.38325974895228
B_c099,Persistencia,60,58,31.738552736360038,24.39332445695147,0.7696903265799887,0.5491076863910734
B_c100,Persistencia,60,58,35.645695999616116,28.791315909561558,0.8964373977703906,0.6070046763948751
B_c101,Persistencia,60,58,33.036286669386975,25.6135330619793,0.8015149386608085,0.5549255721015378
B_c102,Persistencia,60,58,27.216475897715362,20.36240995544911,0.6517582722112851,0.5122111866940874
B_c103,Persistencia,60,58,31.238921674843546,24.34555310627337,0.779150254360512,0.5862775096898794
B_c104,Persistencia,60,58,29.41690977789613,21.668237698419773,0.6842189563601452,0.49028490070244757
B_c105,Persistencia,60,58,28.245153884389076,21.283229529375408,0.6865940673455999,0.5452123805392244
B_c106,Persistencia,60,58,21.191888900799405,15.28301901480284,0.4976159696452593,0.40053651656901
B_c107,Persistencia,60,58,90.60486428173297,56.30683762450565,1.765481026367153,-0.09856279503935617
B_c108,Persistencia,60,58,14.999889317724564,7.166708240158824,0.23037520835721112,-8.034275822920106
B_c109,Persistencia,60,58,42.03454770687432,21.87152577106229,0.7184307809546031,0.07914228448406091
B_c110,Persistencia,60,58,23.39438293135194,12.299881509177276,0.3934486918205141,-0.35055541138455726
B_c111,Persistencia,60,58,22.630862940080636,12.478076072709644,0.40053498074199384,-0.5955495315899484
B_c112,Persistencia,60,58,30.46653341779259,23.809852526929365,0.766621709008538,0.5987939311114185
B_c113,Persistencia,60,58,30.28321915964086,23.130162218413005,0.7430523386142999,0.5695554060831913
B_c114,Persistencia,60,58,36.048572594818005,28.57300784538562,0.8852823920890244,0.5744370116927207
B_c115,Persistencia,60,58,33.45891185666262,25.367934769609306,0.786159587317332,0.5512388954988531
B_c116,Persistencia,60,58,24.744228761794307,17.47032264260378,0.5619306538406463,0.48475508965297553
B_c117,Persistencia,60,58,29.158098508419254,22.328164978632277,0.7059102305172005,0.5158086018064314
B_c118,Persistencia,60,58,73.15570088308556,47.72833330449013,1.4881639123682475,0.2206331723358379
B_c119,Persistencia,60,58,33.95265918965464,26.091297716677044,0.8197662856916775,0.5582308991555502
B_c120,Persistencia,60,58,20.363660479975017,13.106762688975937,0.42727927309773733,0.325271775096747
B_c121,Persistencia,60,58,35.105613915800376,27.327668974386814,0.8510499783457356,0.5869606367051294
B_c122,Persistencia,60,58,40.8287935466928,33.52790038782103,1.0216323767399702,0.5892224506667257
B_c123,Persistencia,60,58,17.246441717003353,10.840517177886667,0.36131426137372474,-0.24006522692768661
B_c124,Persistencia,60,58,40.6416648840543,29.99678384928835,0.9672701909432097,0.04339187689777413
B_c125,Persistencia,60,58,22.369413184231234,15.350163191341066,0.5049571368699146,-0.02874403929843128
B_c126,Persistencia,60,58,17.211104422294774,10.18133452063143,0.33134780063362584,0.2129476734255914
B_c127,Persistencia,60,58,15.672450736169015,8.977132974988804,0.29289721297313814,-2.6715878718128163
B_c128,Persistencia,60,58,84.73045425805064,50.980501179721365,1.6696292612151558,-0.0924396157382017
B_c129,Persistencia,60,58,40.5405545815153,21.08556156812292,0.6749202974980759,0.09520003383735876
B_c130,Persistencia,60,58,30.622956338996232,22.771441539131967,0.7248015140782528,0.5889477794583137
B_c131,Persistencia,60,58,99.14423525313568,57.70892889280595,1.8963590071271168,0.10540923725031626
B_c132,Persistencia,60,58,17.67635319842932,11.776916928720393,0.3836041711890641,0.28227844974157956
B_c133,Persistencia,60,58,40.88777748220838,23.13198255840977,0.7724172546239549,-0.04271735177899072
B_c134,Persistencia,60,58,49.40501718947709,24.216538342470553,0.7748844850399174,0.08946940816475157
B_c135,Persistencia,60,58,23.144945731832745,17.41641088911111,0.5680613812760333,0.494615706443123
B_c136,Persistencia,60,58,65.1295209553213,35.8510450646823,1.183155225702956,-0.3326906846040849
B_c137,Persistencia,60,58,31.279246462828038,22.817064453469158,0.7325963990430607,0.5608235366295651
B_c138,Persistencia,60,58,88.28080007627257,51.94113145068975,1.7047509037566446,0.09210433108592309
B_c139,Persistencia,60,58,77.11041060868514,41.87273386201387,1.385664661194411,0.20251672292158363
B_c140,Persistencia,60,58,23.689952336498923,16.38968420580919,0.5262337610007535,0.43899940144215055
B_c141,Persistencia,60,58,26.041037595567857,19.810377188035254,0.6477893499918712,0.521964981309144
B_c142,Persistencia,60,58,19.126728398244012,11.720696778139162,0.3825216504206061,-2.254501664915811
B_c143,Persistencia,60,58,32.99668525048588,25.37534963707411,0.7943962875178786,0.6069832688037489
B_c144,Persistencia,60,58,43.61005112955422,25.196450598736135,0.8403715007743763,0.2680536938551852
B_c145,Persistencia,60,58,31.525679050569718,17.623442151127833,0.5716222879553378,0.22014937063850126
B_c146,Persistencia,60,58,21.801184474958866,13.193313236425528,0.43805588693336595,-0.38448331169143746
B_c147,Persistencia,60,58,23.009509802875016,12.963085366648123,0.43445325874919527,-0.027094705399516528
B_c148,Persistencia,60,58,50.75565697501455,25.125532195657254,0.8025217797524471,0.184593249390553
B_c149,Persistencia,60,58,26.079588163769436,13.926315861701429,0.44782751984436947,-0.3516185026767178
B_c150,Persistencia,60,58,18.69344146354015,11.967844707897315,0.3909967971275994,0.32576470713927286
B_c151,Persistencia,60,58,36.28068246119925,28.885974027776975,0.9064452004495336,0.5607086142271016
B_c152,Persistencia,60,58,13.110944886377247,7.549434724936911,0.25305453151192253,-5.405372357483041
B_c153,Persistencia,60,58,23.491872324528853,12.611380336284341,0.4037401858650497,-0.2834417125986948
B_c154,Persistencia,60,58,16.972270242869165,10.144929757293209,0.33225350751741267,0.1513936553426143
B_c155,Persistencia,60,58,16.999009040568186,11.185173086609039,0.36631263379502627,0.355124503482352
B_c156,Persistencia,60,58,17.591976366234306,11.746558837413115,0.37850778700552407,0.1500755624016633
B_c157,Persistencia,60,58,53.7132618238736,26.890300492121114,0.8752032693244739,0.1862169881146266
B_c158,Persistencia,60,58,121.48452841051345,65.7931137746029,2.1631097116425493,0.13892451127323657
B_c159,Persistencia,60,58,37.909938552602,29.320530669459476,0.9137064119561422,0.5948682011248818
B_c160,Persistencia,60,58,63.4077683502641,39.25280605889673,1.2716899323252646,0.012803843050754105
B_c161,Persistencia,60,58,33.50813692511217,25.591643077362285,0.7999073926739607,0.5444346375182292
B_c162,Persistencia,60,58,23.66732815627362,13.014529884410944,0.421686821618967,-0.20611440525310942
B_c163,Persistencia,60,58,29.788453015937502,22.387127950071672,0.709471728814637,0.5111389332725067
B_c164,Persistencia,60,58,33.953203409692634,25.459774607219934,0.8027197563580286,0.5610029658155533
B_c165,Persistencia,60,58,112.39570835985556,60.741317324290264,2.0136629770214785,0.1512740319124296
B_c166,Persistencia,60,58,19.087171652940093,11.481613353034092,0.3668474921080428,-1.6657020502787478
B_c167,Persistencia,60,58,58.35430240059849,37.02686038894029,1.221681909371909,-0.19853532001199903
B_c168,Persistencia,60,58,35.10643255798867,20.32531047255075,0.651130064657702,-0.06622308768830343
B_c169,Persistencia,60,58,22.758099851326133,13.37082803899749,0.4454179249761823,-0.3200066577235474
B_c170,Persistencia,60,58,45.776475347216945,23.776127308020197,0.7537562941405441,0.06475023078872921
B_c171,Persistencia,60,58,32.07728829562561,17.417883451988033,0.5605822036221594,-0.07961590793355944
B_c172,Persistencia,60,58,20.22148414933977,11.948432853261403,0.3977786820540139,-1.057868253833064
B_c173,Persistencia,60,58,23.443200983032437,13.621358796706144,0.45372024945564426,-0.12372504196464762
B_c174,Persistencia,60,58,28.03431397039367,22.805265436582825,0.7420116437878662,0.5632542613944934
B_c175,Persistencia,60,58,17.965371702961384,11.00913513038914,0.36378631560064156,0.037791290012297196
B_c176,Persistencia,60,58,97.79137512744744,54.225330227775316,1.7981655491503767,0.21161126020812604
B_c177,Persistencia,60,58,34.019125837486804,26.008886001879947,0.8154350219530655,0.5183230784371332
B_c178,Persistencia,60,58,16.93683883534021,10.748407764889114,0.35188957700906054,0.20937054711765535
B_c179,Persistencia,60,58,24.98954307231098,17.53573783551056,0.5557954406041307,0.4043746527660429
B_c180,Persistencia,60,58,20.39273645724567,14.047733059550684,0.4684205377119667,0.2743904597585868
B_c181,Persistencia,60,58,28.49357264634272,21.306452992169653,0.6850848851926996,0.5145725526989966
A_c001,Persistencia,180,42,90.92016605695888,88.98873627538362,2.8213040144787085,-3.174859863279666
A_c002,Persistencia,180,42,155.3901815647228,126.25330701760804,3.972542784401343,-0.3546164451122962
A_c003,Persistencia,180,42,157.7001969886955,120.51031987914833,3.816195849236967,-0.3577112427995375
A_c004,Persistencia,180,42,31.456160626682813,28.637817402378705,0.9421865841110763,-1.3841727773429215
A_c005,Persistencia,180,42,47.79047945644367,45.28761956785903,1.455081910099856,-1.5115890558011698
A_c006,Persistencia,180,42,32.499795753154224,30.02877195894214,1.01659398229794,-2.70284493936014
A_c007,Persistencia,180,42,25.207452551339554,22.533865347022736,0.7707026444487266,-2.3764394362534724
A_c008,Persistencia,180,42,24.298554685526792,22.154655618219085,0.7529570839928995,-2.125832477296941
A_c009,Persistencia,180,42,42.82076296717057,41.8056249614132,1.333975898434865,-1.7283565924768305
A_c010,Persistencia,180,42,43.26108890184542,41.456481328531176,1.326902537659579,-1.3931770310729021
A_c011,Persistencia,180,42,75.22224454772481,70.24295140035505,2.1892232529256974,-4.770106219610304
A_c012,Persistencia,180,42,16.78055290640785,14.701969235416627,0.48573408133124035,-0.8179946602232306
A_c013,Persistencia,180,42,29.67450853280957,27.83750719312898,0.9432569484582278,-2.5636025679276937
A_c014,Persistencia,180,42,16.11702525607641,13.747759025550314,0.44899964495569866,-0.739020463845288
A_c015,Persistencia,180,42,37.22453761134617,33.55845670015051,1.0921218050391568,-3.8312110841386886
A_c016,Persistencia,180,42,51.800500493921746,49.9343323954088,1.5818206130598516,-1.6723813749469114
A_c017,Persistencia,180,42,21.180847623826452,18.762199107299853,0.6092380059238305,-0.7956460468496471
A_c018,Persistencia,180,42,218.1933704822937,166.71981067226088,5.202860733813076,-0.35599075946493075
A_c019,Persistencia,180,42,24.021921490015057,22.3565754493933,0.7387144510283127,-1.1317220401736012
A_c020,Persistencia,180,42,27.56123165029509,25.136787368241468,0.8200101867957376,-1.1246485217864066
A_c021,Persistencia,180,42,25.859772667851217,23.39868878747329,0.7593827761125674,-1.375078261543007
A_c022,Persistencia,180,42,26.48020071780777,23.95766775388043,0.7793990301905147,-1.7773589606244116
A_c023,Persistencia,180,42,30.838098813922713,27.257623935853534,0.8846005301146422,-0.7123404629289976
A_c024,Persistencia,180,42,26.1045252961296,24.69357222827868,0.8048990963528809,-0.9715548236299256
A_c025,Persistencia,180,42,43.340748245227594,41.304204765187386,1.3238860572337376,-1.2288944584515429
A_c026,Persistencia,180,42,171.80308631463853,139.7148022929596,4.441109364381925,-0.4202640926609238
A_c027,Persistencia,180,42,19.97295326612904,18.35096785887947,0.6080224365519334,-0.996744228090328
A_c028,Persistencia,180,42,28.653398531619075,26.61979001122517,0.8785347918623198,-1.3893044561064114
A_c029,Persistencia,180,42,69.97514119739435,67.39778284817139,2.1114619640918617,-2.0350658749740003
A_c030,Persistencia,180,42,64.1774793760394,62.9207746318335,1.9553030158051703,-2.494926009746957
A_c031,Persistencia,180,42,55.56164129767214,53.486390556066205,1.7016232322677767,-1.847201968181715
A_c032,Persistencia,180,42,42.8104137574065,41.40461052879442,1.3194449995062296,-1.5502456302115997
A_c033,Persistencia,180,42,80.1975163069607,78.05849676292914,2.427681930479831,-1.841962298668827
A_c034,Persistencia,180,42,119.76448979235721,103.53246769837267,3.288565925837059,-0.5146218907866913
A_c035,Persistencia,180,42,27.05700721911488,25.461313459278617,0.8325942129494527,-1.6398787982169063
A_c036,Persistencia,180,42,127.23063066936105,103.9253596184678,3.3190893861587627,-0.45364326182677606
A_c037,Persistencia,180,42,57.23024920299042,55.7490531430343,1.752191033020939,-1.9797184065277373
A_c038,Persistencia,180,42,80.30016881013601,74.88291117762527,2.357120727021074,-0.84233542304584
A_c039,Persistencia,180,42,70.72469254809967,68.9728299305255,2.1491292278208696,-1.7711880296539633
A_c040,Persistencia,180,42,134.18279382660853,120.16506004703794,3.827866488847473,-0.5787451216226942
A_c041,Persistencia,180,42,55.41019490716944,54.01900343810967,1.6923074127060351,-2.100344040811986
A_c042,Persistencia,180,42,135.39005541449896,118.61085108232216,3.771186953402582,-0.506690426482238
A_c043,Persistencia,180,42,47.566609559800135,46.090635374438065,1.470153516583552,-1.7200343984287487
A_c044,Persistencia,180,42,56.63961888887031,55.30857794662168,1.7552827750345876,-2.0416449285163214
A_c045,Persistencia,180,42,45.30079294630376,44.05920045659879,1.411212223083476,-1.684984869848095
A_c046,Persistencia,180,42,133.6646882832363,109.82659482371352,3.513090360660557,-0.39939316559924753
A_c047,Persistencia,180,42,62.675965852860784,60.68882439824578,1.8933388621883027,-1.8913865080544725
A_c048,Persistencia,180,42,52.567551070365255,51.086245494141,1.6128655915318095,-1.5654930833740446
A_c049,Persistencia,180,42,134.46113831067345,116.37203272786881,3.726813194767411,-0.5648710392607192
A_c050,Persistencia,180,42,63.28163177661439,61.77988200758861,1.9407322804900233,-1.6670352574671723
A_c051,Persistencia,180,42,73.60213759860927,71.40351825735604,2.2266049781987136,-1.5729924462964857
A_c052,Persistencia,180,42,146.65109813948695,122.06197832645117,3.8807950461877514,-0.43009923777958137
A_c053,Persistencia,180,42,39.45648884731409,38.48283012333805,1.2338677818711623,-1.836904891440574
A_c054,Persistencia,180,42,66.58563563681685,64.18241760005327,2.000321209998617,-1.9694798563077613
A_c055,Persistencia,180,42,51.771446922955015,49.675278138431146,1.5748503325997858,-1.763372040629378
A_c056,Persistencia,180,42,16.77639404290036,14.817760453122501,0.4834855948583527,-1.054063644107584
A_c057,Persistencia,180,42,80.98659642547834,77.83846695190255,2.4283568982507506,-4.334530960824506
A_c058,Persistencia,180,42,80.66419408078796,55.354783431329324,1.7627589533499606,-0.3368810396553008
A_c059,Persistencia,180,42,131.92012646126005,113.74768590034623,3.3930056778221203,-0.7855244148503269
A_c060,Persistencia,180,42,73.3698530634697,66.17992801915216,2.0452355779953755,-0.9035870773826056
A_c061,Persistencia,180,42,68.01546466091798,47.03444560528608,1.5106066122009834,-0.3440344666455424
A_c062,Persistencia,180,42,33.47916656703576,28.216621370586633,0.9094609094812103,-4.507718168886933
A_c063,Persistencia,180,42,72.70463104292277,70.35039180751595,2.199298875476772,-1.8127692231603492
A_c064,Persistencia,180,42,38.384887497654766,37.252216491621176,1.1855172781980317,-1.6644201019741303
A_c065,Persistencia,180,42,31.916922833927185,29.043693451765346,0.9735670534164034,-1.7356001899495062
A_c066,Persistencia,180,42,62.65312949199925,60.792910298912396,1.8867457656439528,-2.3511576856073124
A_c067,Persistencia,180,42,170.18236315827903,149.1041081212823,4.665143404296473,-0.5289855067255316
A_c068,Persistencia,180,42,29.87019320916706,28.29727073824013,0.9491358776610321,-2.3563856356510477
A_c069,Persistencia,180,42,127.38915964290798,106.65549775293739,3.393202416979079,-0.44952059893919616
A_c070,Persistencia,180,42,166.28193237020525,134.78654501478377,4.256844945617334,-0.4136404748661231
A_c071,Persistencia,180,42,32.104728799308745,29.945810273921285,1.0047844322424333,-1.7254214036952602
A_c072,Persistencia,180,42,24.21718646002119,21.673370112289472,0.7105056789918802,-1.405723779974367
A_c073,Persistencia,180,42,27.62616810392586,25.133374863351797,0.8176140420955668,-1.29176327500136
A_c074,Persistencia,180,42,45.37820287195027,37.38837581070645,1.2385313159501385,-0.6020418467823432
A_c075,Persistencia,180,42,140.8877662096256,128.41572140243443,3.957551531919987,-0.5991733178777341
A_c076,Persistencia,180,42,21.32190882903326,19.37636813011647,0.6357119677591374,-0.9859108080632493
A_c077,Persistencia,180,42,34.97917315668634,32.32066468287444,1.0813401373730376,-1.8296280652602421
A_c078,Persistencia,180,42,38.87208443278664,37.491854318555674,1.2524385707111576,-2.1491179174281463
A_c079,Persistencia,180,42,37.23824620386873,34.59871026795142,1.1602706803510043,-2.415010015430322
A_c080,Persistencia,180,42,33.067345697350554,30.613671127611244,1.0325393915650363,-2.105548575775957
A_c081,Persistencia,180,42,144.53253767304216,122.90812713184093,3.9035690762085045,-0.472471819270462
A_c082,Persistencia,180,42,52.155541755550125,49.88272777457389,1.565135247117663,-1.616881399669912
A_c083,Persistencia,180,42,39.39286894252941,36.493039263013515,1.2283857422761078,-1.445141795526684
A_c084,Persistencia,180,42,206.61593142209807,193.57055005974837,5.763325611789459,-0.7650428771934363
A_c085,Persistencia,180,42,32.654390753203714,30.062091610269857,1.0031688447739855,-1.2752362313503633
A_c086,Persistencia,180,42,30.219176603340056,28.499478331735002,0.9516622344312313,-1.2475008368435567
A_c087,Persistencia,180,42,36.5600810406969,33.63246856007166,1.1228134695796612,-2.5256629981273324
A_c088,Persistencia,180,42,28.969503177678334,27.94248828095681,0.9311909569505408,-1.837344558930718
A_c089,Persistencia,180,42,28.646261027792843,27.407284205651184,0.9169336731925267,-1.8680096378476536
A_c090,Persistencia,180,42,21.289210156332928,18.111828998260368,0.5916402186537447,-1.1183396572437143
A_c091,Persistencia,180,42,31.12219257909288,29.157847358044183,0.979558711785374,-2.0392328235322212
A_c092,Persistencia,180,42,61.53388062720874,59.36534144767814,1.8538907041518924,-1.73836340492189
A_c093,Persistencia,180,42,30.591321266611182,29.172731895939332,0.9682695471719732,-1.6590647793692255
A_c094,Persistencia,180,42,24.21671692358204,22.921232378668098,0.7690993567918424,-1.4232482211593482
A_c095,Persistencia,180,42,22.5894105564144,19.582915161637835,0.6469608193386235,-1.5786318639725705
A_c096,Persistencia,180,42,23.16585866399732,20.98326259124343,0.6861723370354377,-1.497208105411334
A_c097,Persistencia,180,42,41.94808745819383,38.92596645083072,1.307118654538698,-2.1354489559163645
A_c098,Persistencia,180,42,62.914999574163964,61.49095347516834,1.9397817873321632,-2.0633755221584584
A_c099,Persistencia,180,42,34.62001887415839,31.02935294833675,0.9938900794613745,-1.3893163031181897
A_c100,Persistencia,180,42,42.19187456111371,39.69741111244909,1.3408636173149326,-1.733080975664849
A_c101,Persistencia,180,42,27.041575965473264,24.46112496894783,0.7989871304412797,-1.866208583891665
A_c102,Persistencia,180,42,22.899541495876942,19.275417283333816,0.628325148771621,-1.5083569031096324
A_c103,Persistencia,180,42,33.64634358910834,31.084514038439007,1.0498464243843657,-1.5701100986223508
A_c104,Persistencia,180,42,147.5796341538511,127.03621771819368,4.016872150830188,-0.505839597663231
A_c105,Persistencia,180,42,25.345395272979122,21.14076436026871,0.6906004765093036,-1.3357294439200835
A_c106,Persistencia,180,42,36.655272032670666,34.16894101170668,1.149857412648669,-3.0392656883390305
A_c107,Persistencia,180,42,31.4951938144451,29.479173930512598,1.0019215990970942,-1.8586454483340766
A_c108,Persistencia,180,42,35.572934763311004,33.481532603024746,1.1273570834047346,-2.364623456090134
A_c109,Persistencia,180,42,31.94377781499094,29.53068426013485,0.9984108490212908,-1.8265668659708347
A_c110,Persistencia,180,42,30.766522148243205,28.709101937852076,0.9745673822354457,-1.7028202819559342
A_c111,Persistencia,180,42,31.115562461739994,29.09273888516846,0.985702467850133,-2.450453625700391
A_c112,Persistencia,180,42,53.66363566171972,49.50979323515193,1.6521985658836165,-1.3703761872163454
A_c113,Persistencia,180,42,34.11908747370412,30.765968984261608,1.0455128381173333,-3.967821743508022
A_c114,Persistencia,180,42,17.165866902835315,15.068856730195947,0.501923285767249,-0.6770487258152695
A_c115,Persistencia,180,42,31.79744578334133,28.68732635171572,0.9744809978577986,-1.665810004352657
A_c116,Persistencia,180,42,172.6403651169465,154.2654862800412,4.722738915054809,-0.5501475207948214
A_c117,Persistencia,180,42,44.032867037849854,42.395456280557056,1.3942730112587125,-2.6167684623839924
A_c118,Persistencia,180,42,26.09491796854929,22.897412600651176,0.7806082251316505,-2.556100467491447
A_c119,Persistencia,180,42,26.2893406843681,24.302644084727206,0.8241563859300873,-1.8521467574641157
A_c120,Persistencia,180,42,35.72242510375418,33.49848573641683,1.1245819800476573,-2.185273449917028
A_c121,Persistencia,180,42,59.3088775785816,46.126594603328606,1.5152323139455097,-4.279967632241589
A_c122,Persistencia,180,42,38.30276914226332,35.201314261271584,1.1257472241426536,-2.8424430244339027
A_c123,Persistencia,180,35,71.4429592656725,68.21480823498173,2.156732521018808,-6.683236489006804
A_c124,Persistencia,180,35,91.13270011905882,82.02206672038389,2.590916800715311,-1.0837961659810693
A_c125,Persistencia,180,42,31.667456033389612,29.072477706581665,0.9944413658118755,-1.1627838295332023
A_c126,Persistencia,180,42,126.03754060814055,108.42341722156061,3.4427506385838553,-0.4816080522418962
A_c127,Persistencia,180,42,146.43581518283494,132.23004533672912,4.108441902728751,-0.7103150597723211
A_c128,Persistencia,180,42,54.974183615022426,53.780027309266586,1.7031009929033047,-1.7739053401694798
A_c129,Persistencia,180,42,101.8712260559873,93.07729756448555,2.9245667295771565,-0.6843085564783795
A_c130,Persistencia,180,42,207.0897419144498,166.13838232173921,5.13400912496284,-0.4638052472058234
A_c131,Persistencia,180,42,74.78597298842672,73.14128651566183,2.277133663689058,-1.7792663717724233
A_c132,Persistencia,180,42,142.194490066528,121.3486446151048,3.8314934973858175,-0.4404590551133978
A_c133,Persistencia,180,42,30.357271819285558,28.25008926453934,0.9375316420389995,-1.4671030352957022
A_c134,Persistencia,180,42,183.90259643323836,150.24042130836628,4.572711600850944,-0.43610945938535584
A_c135,Persistencia,180,42,35.564597449689074,33.02298998031972,1.122083287444152,-2.2171789508815616
A_c136,Persistencia,180,42,57.49557355071972,56.58796122916338,1.7569811920823994,-1.8191864423564503
A_c137,Persistencia,180,42,73.07893085756906,70.05330815036292,2.186251368251753,-1.580487974576947
A_c138,Persistencia,180,42,53.741282053197686,52.035396094897564,1.6299498812676005,-1.4952131544988734
A_c139,Persistencia,180,42,73.7291192951059,71.16463178480065,2.215886990246692,-1.5443943285312853
A_c140,Persistencia,180,42,129.43116811460595,108.54488837374564,3.4564372662745,-0.46929962336547915
A_c141,Persistencia,180,42,33.49157323110581,30.995111923822357,1.0486461103354994,-1.8693769664754663
A_c142,Persistencia,180,42,29.831034564566906,28.445984538389524,0.9637649536868927,-1.7849403284996388
A_c143,Persistencia,180,42,23.055612149598232,21.643720110223306,0.7151230129571312,-1.3439142751891904
A_c144,Persistencia,180,42,65.34009419056196,64.13080932941233,1.9959613196099264,-2.0975609135815065
A_c145,Persistencia,180,42,50.937704155857034,48.87725700036903,1.561811697722749,-1.9576407887532685
A_c146,Persistencia,180,42,151.35771976566497,132.42694513939244,4.161422457420507,-0.5149422594694706
A_c147,Persistencia,180,42,51.83013466483612,49.458670065323176,1.5621499250019903,-2.2675745524259776
A_c148,Persistencia,180,42,50.59373784216698,49.27853168811482,1.570937996275145,-1.7921543258613437
A_c149,Persistencia,180,42,56.851831362143976,55.4230064206165,1.7470881477978155,-1.9588594982157925
A_c150,Persistencia,180,42,58.72278722627626,57.849996853517716,1.8294148351495305,-2.2469557266372613
A_c151,Persistencia,180,42,49.56563969202209,47.59025471561734,1.4974586072134524,-1.6557391155530934
A_c152,Persistencia,180,42,152.35761384060692,135.50194479913753,4.227079039843732,-0.5719558808639131
A_c153,Persistencia,180,42,73.2468680564525,71.27597639678872,2.2159009730692425,-1.9219323301561544
A_c154,Persistencia,180,42,38.45240294727962,36.458736060130704,1.2246298008835046,-2.26517605680208
A_c155,Persistencia,180,42,30.15768245268799,28.944085939806907,0.9383140747205501,-1.2567911482182468
A_c156,Persistencia,180,42,45.029592158883695,42.93079499347585,1.4089489419451786,-3.0748004516378007
A_c157,Persistencia,180,42,38.37799855780344,36.98567137081975,1.2049928285602025,-1.9416055732327404
A_c158,Persistencia,180,42,53.76054449319701,52.1069584744804,1.64156285326242,-1.6587167706861323
A_c159,Persistencia,180,42,55.49404854650127,54.28272039265775,1.6972907311442014,-1.6130736963325671
A_c160,Persistencia,180,42,56.16883532150256,53.88096486265411,1.704134419554457,-1.5215041741127209
A_c161,Persistencia,180,42,49.13566215541144,47.983767883293446,1.505885360580614,-1.8384905024799751
A_c162,Persistencia,180,42,145.84546161256657,129.89326972147668,4.115611536995573,-0.5385740066665254
A_c163,Persistencia,180,42,148.11896652237613,129.42705791568167,4.054115771778122,-0.5108920204696894
A_c164,Persistencia,180,42,109.93440524661372,92.1085665447781,2.930745255780078,-0.42524482720173773
A_c165,Persistencia,180,42,34.739244218367446,31.66638513737255,1.026238190812445,-0.6932201679290997
A_c166,Persistencia,180,42,24.733182874928456,23.311009213927047,0.7686949326797352,-1.3365550166110585
A_c167,Persistencia,180,42,37.58315332392487,36.20811407166064,1.1636354134795084,-1.7769919355430428
A_c168,Persistencia,180,42,19.946470280333898,17.960370403357622,0.5918273850935181,-0.7458086095938852
A_c169,Persistencia,180,42,73.6521211453153,71.94712600691042,2.24631623666776,-1.873037966213051
A_c170,Persistencia,180,42,177.2648085773904,156.80371554227088,4.785547653007724,-0.6198939504570691
A_c171,Persistencia,180,42,22.39242020760963,20.752490550408904,0.6744976962046108,-0.9846666064354523
A_c172,Persistencia,180,42,43.98721840568645,41.3816601958981,1.3565626068289462,-3.9599712526648023
A_c173,Persistencia,180,42,82.01490433765282,80.15164700329994,2.4909369869736446,-3.323058239930724
A_c174,Persistencia,180,42,50.86754360637179,49.00146541296472,1.556069284417687,-1.581589660732539
A_c175,Persistencia,180,42,68.75441441241935,66.26249798368056,2.070897180157608,-1.5449276605664504
A_c176,Persistencia,180,42,119.99372444008341,109.44159210462632,3.3766842970010402,-0.7190449419054341
A_c177,Persistencia,180,42,29.178868996132046,26.91470657316499,0.9011278779479189,-1.1991319252883819
A_c178,Persistencia,180,42,30.88759834953615,29.12790147978724,0.9893895847058055,-1.8469881711362297
A_c179,Persistencia,180,42,31.00814836596243,29.583794590847088,0.9539212434573044,-1.1388103663456826
A_c180,Persistencia,180,42,33.00683474797078,30.199836403302157,1.0203001233119116,-2.5675959649303204
A_c181,Persistencia,180,42,24.062272039464435,21.872385050420053,0.7452309130376498,-1.2384084808547904
B_c001,Persistencia,180,42,227.4912666667909,186.4776411634757,5.61857969266345,-5.680186939204452
B_c002,Persistencia,180,42,73.67667782702281,70.47159255011162,2.1935321884176453,-1.9954267019547998
B_c003,Persistencia,180,42,64.90021522696222,62.589856866166954,1.9743842627772217,-2.952655199792185
B_c004,Persistencia,180,42,74.9697516912316,73.45006814667097,2.2585385766010053,-1.9581328978533001
B_c005,Persistencia,180,42,28.765246124936127,26.469180997814664,0.9000837563906051,-2.3683121413378885
B_c006,Persistencia,180,42,70.93122235698083,69.30788192196886,2.164769066280436,-2.372600582226215
B_c007,Persistencia,180,42,67.32408374847498,65.46856734123422,2.0530662350612285,-2.258444766995273
B_c008,Persistencia,180,42,57.72078003070141,55.934763746053335,1.777857342695666,-2.144026645717091
B_c009,Persistencia,180,42,77.55562885766962,75.68973758832153,2.3633581321050685,-2.224843620276721
B_c010,Persistencia,180,42,61.815295160467,60.11341672676984,1.903802803404377,-1.8476366101325485
B_c011,Persistencia,180,42,144.82042089347254,134.35949797231126,4.0157525596966845,-0.9782413572276234
B_c012,Persistencia,180,42,64.81803521982543,63.11064824017984,1.9928211613544067,-2.168358761477076
B_c013,Persistencia,180,42,76.5048033929043,74.62490628564001,2.3282611656246543,-1.8881188901937516
B_c014,Persistencia,180,42,70.58079562895834,68.21679040005054,2.118778893560463,-2.098423718718673
B_c015,Persistencia,180,42,63.62782077337383,61.84461055461643,1.9535124919852198,-2.1309931523096552
B_c016,Persistencia,180,42,70.82604749887496,56.20006184509382,1.8296627611543315,-45.12884069197576
B_c017,Persistencia,180,42,87.03442170585397,83.33471610603027,2.5664546525520295,-1.4721296031319113
B_c018,Persistencia,180,42,76.59196176514575,74.10255247162779,2.2911023406105167,-1.835962238915021
B_c019,Persistencia,180,42,70.40723528191747,68.25156982398846,2.131352598625082,-2.4091886769420268
B_c020,Persistencia,180,42,112.17375517669105,96.71365116139243,2.95557320613583,-0.6965907842400503
B_c021,Persistencia,180,42,132.91663549472102,111.30323395930571,3.3879253642752705,-0.5763282657366822
B_c022,Persistencia,180,42,61.22005675228957,58.31085174201414,1.8306769812929402,-1.7655760249939152
B_c023,Persistencia,180,42,56.532067017861586,53.58269737603276,1.700492975713402,-1.4996328445687173
B_c024,Persistencia,180,42,73.23449692058817,70.81161904827674,2.2159596701078,-1.864975159889957
B_c025,Persistencia,180,42,61.55514581174522,59.99818774389762,1.893629945916573,-2.1048735709256
B_c026,Persistencia,180,42,84.79877737187869,82.73335797088261,2.5472310782490064,-2.8175510479266395
B_c027,Persistencia,180,42,61.73616500349115,49.16346357975102,1.665389115864434,-40.83358787566981
B_c028,Persistencia,180,42,79.42676513309662,77.51810089726166,2.368557736461746,-2.291590013393543
B_c029,Persistencia,180,42,65.8499578371183,64.28054009821656,1.956872058268772,-2.3379610790880156
B_c030,Persistencia,180,42,51.18451357333664,48.95095072821818,1.5555056272298164,-3.228915338337507
B_c031,Persistencia,180,42,69.24366548696081,52.628679796205624,1.7523941004172527,-50.200283478423486
B_c032,Persistencia,180,42,77.10205073937284,75.22331829577722,2.333843515155499,-2.2136674738773037
B_c033,Persistencia,180,42,72.15541565546516,69.96542568424877,2.1636654533893096,-1.765603795708457
B_c034,Persistencia,180,42,85.83013602245383,83.62100120650338,2.58824743958317,-1.8624046334070048
B_c035,Persistencia,180,42,40.77757561412103,38.846930769823096,1.3048541444612372,-2.424009819584899
B_c036,Persistencia,180,42,29.91605173977185,28.05345956818797,0.955631528821467,-2.1432007904012362
B_c037,Persistencia,180,42,59.12720469010141,58.151399869738356,1.7784280396771452,-2.1108746346005063
B_c038,Persistencia,180,42,89.47692003146079,86.39129631688283,2.637475514312427,-1.961070044928277
B_c039,Persistencia,180,42,92.83689213857163,87.59014615686576,2.676365388574084,-1.3104725244705921
B_c040,Persistencia,180,42,124.16789210943936,107.65724953449045,3.2592052047270696,-0.7226983944591769
B_c041,Persistencia,180,42,89.1401574633825,68.72519364275256,2.2592874943809425,-64.1623594106429
B_c042,Persistencia,180,42,82.35629263159365,80.22950811602124,2.4696454309683884,-2.767992605260806
B_c043,Persistencia,180,42,68.28357259341183,56.01480889869811,1.881718133123571,-38.8311133104743
B_c044,Persistencia,180,42,71.36317145790248,69.0931212379832,2.153785074946511,-2.180089699563259
B_c045,Persistencia,180,42,57.23842532709664,55.661533836971685,1.7679363075042895,-2.5254213704714887
B_c046,Persistencia,180,42,116.50704100932293,111.40307674779696,3.3648243028946276,-1.1716081755468712
B_c047,Persistencia,180,42,64.76808911168112,62.85748894240878,1.9674964981457697,-1.7440284132227664
B_c048,Persistencia,180,42,66.19709810214924,50.75713456895652,1.6186084429289556,-25.847755388978086
B_c049,Persistencia,180,42,48.181325296818656,36.671783926338385,1.228935191470888,-26.79093130924351
B_c050,Persistencia,180,42,24.998962413862102,19.22100068184466,0.6400059384182237,-7.402308867672929
B_c051,Persistencia,180,42,53.16657303271912,40.782551577207244,1.3640224659020457,-35.473367945573486
B_c052,Persistencia,180,42,42.86930880524169,41.19980174480233,1.383468477691028,-2.849741821986362
B_c053,Persistencia,180,42,14.23184230838041,11.194031383232998,0.3654246188056355,-0.391095276794472
B_c054,Persistencia,180,42,17.94045284157773,12.886864543180458,0.42489320272608694,-1.126800232472681
B_c055,Persistencia,180,42,33.66471630233665,32.17548416550198,1.0850623462732918,-3.3405540811287837
B_c056,Persistencia,180,42,35.92670100999287,33.813551250023735,1.1454747791113389,-3.203367505653002
B_c057,Persistencia,180,42,51.8697290933102,39.183331432545764,1.2536295156113213,-18.12620834146576
B_c058,Persistencia,180,42,53.98464376146936,51.861166794422594,1.6712196225184175,-2.3923516588004556
B_c059,Persistencia,180,42,42.90038095869797,37.88365097319029,1.2877438302908955,-9.358355186561747
B_c060,Persistencia,180,42,66.18049193060656,63.542272672476145,1.9778362206826712,-1.9320149227039738
B_c061,Persistencia,180,42,24.821301816735506,21.58969402080351,0.7129743538940087,-1.232311209214783
B_c062,Persistencia,180,42,31.65458350989332,25.583224434275902,0.8254364672462067,-3.357584151372162
B_c063,Persistencia,180,42,69.23647922795074,56.375418016329995,1.8867582177199143,-32.91035073146824
B_c064,Persistencia,180,42,72.42012663350908,70.39438489180877,2.192731518253154,-2.1055583066587626
B_c065,Persistencia,180,42,58.921359758984046,57.55159195260957,1.812598524350834,-2.2539885821591255
B_c066,Persistencia,180,42,88.00809068994565,74.82657319595327,2.5207672580396103,-29.00966277537742
B_c067,Persistencia,180,42,59.9944545758011,58.368118761787734,1.8416103774778827,-2.455039645612909
B_c068,Persistencia,180,42,44.41530053684947,42.4718353699101,1.377958953372872,-2.348719875951353
B_c069,Persistencia,180,42,95.23844936449832,92.17991355350408,2.827883799391511,-1.6759910508886038
B_c070,Persistencia,180,42,172.75604138525927,161.75038689163316,4.833809052710119,-0.9733184602952352
B_c071,Persistencia,180,42,159.01869664732249,153.13728457284674,4.524325070606478,-1.3197373467736222
B_c072,Persistencia,180,42,68.30198302601137,66.48343869369137,2.0675736366266495,-2.349964284498248
B_c073,Persistencia,180,42,63.603229273007045,61.28890850968248,1.9524749140597024,-1.9503861975196344
B_c074,Persistencia,180,42,65.5114882476056,52.927063160501945,1.7481835624410105,-17.476836263782175
B_c075,Persistencia,180,42,108.2321979913681,93.25052098338367,2.965015072135728,-27.665665433543644
B_c076,Persistencia,180,42,40.84212571021536,38.40863728483853,1.2863571870207713,-4.282433866652237
B_c077,Persistencia,180,42,45.35050348526342,42.69479770241574,1.3748812354292654,-1.315777485191712
B_c078,Persistencia,180,42,45.20449755858815,39.977794163132884,1.2903055444912908,-4.826534296463007
B_c079,Persistencia,180,42,69.88837689908817,67.88232028363836,2.12887341169436,-2.397393746845569
B_c080,Persistencia,180,42,93.2972787133708,90.76517255501874,2.7941588419383283,-1.8849296119733259
B_c081,Persistencia,180,42,92.5287986638904,73.34264509210483,2.4625007244951553,-80.47366857867141
B_c082,Persistencia,180,42,18.73582749716694,16.197574504723768,0.5306465862687048,-1.2133130243608043
B_c083,Persistencia,180,42,65.71378206548525,62.95687325142806,1.9506512755577565,-2.249092607269442
B_c084,Persistencia,180,42,61.589127700348534,59.79844242092293,1.916589349115891,-2.5892920114216174
B_c085,Persistencia,180,42,44.07196474856626,34.16600645895419,1.0955303553163456,-12.011005547428983
B_c086,Persistencia,180,42,80.7875114318153,77.24580369702431,2.384940047750235,-1.6500746744288612
B_c087,Persistencia,180,42,91.50068299390176,89.06824266818217,2.7390958426881857,-2.0580545501224643
B_c088,Persistencia,180,42,64.4392225590202,52.16767042942575,1.7753609395330279,-39.18749841989657
B_c089,Persistencia,180,42,63.966688145520784,51.70524002725438,1.7479740279724636,-40.58838493032178
B_c090,Persistencia,180,42,169.41625423476208,159.77077495032722,4.745136525463784,-1.2057983899219007
B_c091,Persistencia,180,42,131.86023298725706,120.87683840245299,4.075124028679188,-7.9562057143028895
B_c092,Persistencia,180,42,64.31946115286338,52.920882329171604,1.6664924938683883,-0.7749799016570678
B_c093,Persistencia,180,42,68.68307133531253,66.65831112635104,2.1052087019902204,-2.32805968736522
B_c094,Persistencia,180,42,116.45483307351405,108.71887623327993,3.308201400359397,-0.9722588827022769
B_c095,Persistencia,180,42,62.42349065130134,47.41194123269598,1.5443785272741304,-27.37039406706804
B_c096,Persistencia,180,42,41.823155695495416,34.31201630021365,1.1166933659975504,-11.623507016120978
B_c097,Persistencia,180,42,31.100600462211045,24.861538972492355,0.8012225744224256,-5.772234413456073
B_c098,Persistencia,180,42,27.45482699401019,22.281134034857462,0.7327477430313337,-5.416776527540262
B_c099,Persistencia,180,42,64.58941613874393,62.83704693884065,1.9747881725174485,-1.9100395936068573
B_c100,Persistencia,180,42,79.04222087562961,76.71023758532934,2.3738214035785448,-2.7908891571583703
B_c101,Persistencia,180,42,67.86403518457603,65.79769632412935,2.0493972182062103,-2.126236280617805
B_c102,Persistencia,180,42,53.25903121883409,51.018353240164416,1.626557092653572,-2.192672704827662
B_c103,Persistencia,180,42,66.71141125604797,64.19183564456935,2.044453021794131,-2.3601352809499585
B_c104,Persistencia,180,42,56.42017244462068,54.68583373635587,1.7207233634253236,-1.8299085389423126
B_c105,Persistencia,180,42,57.10778473227548,55.07662436608457,1.7699383992896038,-2.6351811897809143
B_c106,Persistencia,180,42,38.15932819497246,35.49594466429856,1.1529197819111463,-2.6902010544869106
B_c107,Persistencia,180,42,118.52063710565706,91.98338255163787,2.8876762849426445,-0.866141466807743
B_c108,Persistencia,180,42,13.535429803818372,9.235883713205258,0.29783255400115505,-0.27958028717805217
B_c109,Persistencia,180,42,73.04800798147936,56.52715820378235,1.8594511233499849,-58.84073216854586
B_c110,Persistencia,180,42,32.24769977152864,25.36695568919708,0.8113407823775034,-6.112881435384981
B_c111,Persistencia,180,42,32.54381825148716,26.753552906428002,0.8582310436324974,-5.389990576137706
B_c112,Persistencia,180,42,65.45894901701467,63.00689116774596,2.0196189960694406,-2.137076077818705
B_c113,Persistencia,180,42,63.32504766204646,61.24620533828232,1.9591670858869112,-2.78219285481075
B_c114,Persistencia,180,42,76.11314508241342,74.17017137639277,2.286580843409793,-2.4359120979214866
B_c115,Persistencia,180,42,67.41898469346195,64.74941887310403,1.9981645485171478,-1.6751396896535997
B_c116,Persistencia,180,42,47.55347278239993,45.24817290637418,1.4511220821070028,-2.495629752424365
B_c117,Persistencia,180,42,56.61534227422562,54.5859008818249,1.719919711457663,-1.7296238818349363
B_c118,Persistencia,180,42,113.01237072418978,106.65571518072817,3.2775791481472223,-1.0802785240923338
B_c119,Persistencia,180,42,70.12453309461075,68.49709613746086,2.1432044904622907,-2.3996290210410125
B_c120,Persistencia,180,42,34.626887329476986,30.61256205375666,0.9954588513942689,-1.3110891697024218
B_c121,Persistencia,180,42,73.53664869947741,70.59603332238883,2.1891354915472183,-1.6445786790038368
B_c122,Persistencia,180,42,87.34001100050304,85.08786518256746,2.5777635703538375,-1.8782174969903243
B_c123,Persistencia,180,42,23.20477520904108,19.499168523359643,0.6486722585813353,-1.0412220065206452
B_c124,Persistencia,180,42,64.99002700094111,54.72216703755312,1.7541307470796523,-9.836402021601783
B_c125,Persistencia,180,42,40.76332361310995,37.99454846298086,1.2515741253278074,-1.3653443155556708
B_c126,Persistencia,180,42,28.70585644040247,26.036028546410886,0.8497037899646901,-2.2156236427186893
B_c127,Persistencia,180,42,18.587521950361555,16.97212216062077,0.5542149071687715,-1.4528357668395722
B_c128,Persistencia,180,42,157.84513591971393,154.47943334470372,5.063599277467615,-2.1289327874249366
B_c129,Persistencia,180,42,68.76320863066917,51.81847701618157,1.6568156186431537,-29.776755117333796
B_c130,Persistencia,180,42,65.4605097978485,62.515412789610686,1.9811118277561115,-2.1570989848094007
B_c131,Persistencia,180,42,171.52013134199692,153.06327175016415,5.045001051917029,-0.9975903088130271
B_c132,Persistencia,180,42,28.49717274267876,25.925037041252654,0.8426505821236481,-1.8980892539597418
B_c133,Persistencia,180,42,64.82509845533843,49.85054387972725,1.6714196279461708,-53.84257818622015
B_c134,Persistencia,180,42,85.85367038629502,66.47173658388652,2.124980985957213,-54.23634410635871
B_c135,Persistencia,180,42,44.16222329515409,42.223140319368056,1.3728116917676467,-3.0230914771072115
B_c136,Persistencia,180,42,96.07511638794587,80.49522641305776,2.6604582720451653,-0.563057040785423
B_c137,Persistencia,180,42,63.7789518854783,60.30182240505645,1.9281137216629756,-1.7827687821892795
B_c138,Persistencia,180,42,152.52684999471396,136.5776520348489,4.494634792599707,-1.016700269006511
B_c139,Persistencia,180,42,135.8399903603027,114.64056371089485,3.8065200467168805,-0.9264659041808705
B_c140,Persistencia,180,42,43.51081022128196,41.58691360620804,1.3316592699655785,-2.435493235538712
B_c141,Persistencia,180,42,52.27779865670528,49.981451853607695,1.6271949226178806,-2.873073191951894
B_c142,Persistencia,180,42,22.27768818180891,17.45893356831175,0.5711722697591624,-2.7103878897329383
B_c143,Persistencia,180,42,72.60885331446579,69.9783425365091,2.1798181436317416,-2.225724460929582
B_c144,Persistencia,180,42,84.3341254084711,73.7963055542905,2.46773900284401,-1.0598878085870695
B_c145,Persistencia,180,42,53.67095774833421,44.358533986175935,1.4367192558045714,-19.466662669838723
B_c146,Persistencia,180,42,36.18316367685472,28.606488562573375,0.9526903923872223,-12.878464044407773
B_c147,Persistencia,180,42,37.672500397027804,30.07279650538177,1.0094305358968756,-19.03017847151712
B_c148,Persistencia,180,42,88.24642572464671,68.22797127345363,2.1766840310418263,-51.3214176473766
B_c149,Persistencia,180,42,36.84987408718783,29.04927299656402,0.933654706846004,-7.736683234724998
B_c150,Persistencia,180,42,31.678958984990775,29.838740832296992,0.9731545889234142,-2.4931267106676227
B_c151,Persistencia,180,42,75.29639785944465,73.48806879211409,2.2934757537208594,-2.184643773420736
B_c152,Persistencia,180,42,13.964863418212987,9.724756590673586,0.3270573044532003,-1.2997306745441266
B_c153,Persistencia,180,42,32.61438684623782,25.43833053860808,0.8140765470169826,-6.158651688852073
B_c154,Persistencia,180,42,25.401400979095982,23.149048216246786,0.7572424760620119,-1.5163322934519505
B_c155,Persistencia,180,42,28.932663780702587,27.160433278013137,0.887857753424821,-1.6519259431921762
B_c156,Persistencia,180,42,26.210595022728203,23.8577081478049,0.7676049071975956,-1.9984479322055768
B_c157,Persistencia,180,42,94.13961413747461,72.6654627566512,2.362780587269153,-57.55236150316419
B_c158,Persistencia,180,42,206.6688912912394,176.98190790274055,5.8437811373646955,-0.9162436115741235
B_c159,Persistencia,180,42,81.08253920964648,78.22021842414453,2.4247090503008275,-1.8768944477702552
B_c160,Persistencia,180,42,105.86812025838027,96.84664584243066,3.1395342006571694,-1.0337733319260716
B_c161,Persistencia,180,42,68.09272735417514,66.58123003034014,2.072358814512767,-2.0706435214427974
B_c162,Persistencia,180,42,33.32640587594981,27.3854523065689,0.8875846274379892,-6.45593451985929
B_c163,Persistencia,180,42,58.315316575730755,56.901346965177346,1.7968231449354493,-2.0236697413764166
B_c164,Persistencia,180,42,69.91200732214354,67.22075598031849,2.1099617893097813,-1.7157745850464496
B_c165,Persistencia,180,42,192.07468374810787,164.18886014746238,5.463754345241513,-0.9252675551222342
B_c166,Persistencia,180,42,17.895450479910068,14.714941875943895,0.470360568733822,-0.3421554486729683
B_c167,Persistencia,180,42,75.67332582874644,53.79338111737188,1.8013284742791709,-59.874062413835105
B_c168,Persistencia,180,42,52.10239761823144,39.613113058722895,1.2668348589385965,-14.94623478354896
B_c169,Persistencia,180,42,37.15543863023132,29.978615736793824,1.0017659658795839,-9.161781516898115
B_c170,Persistencia,180,42,74.96013338854807,56.38227434636342,1.7862172380952022,-32.11182204658824
B_c171,Persistencia,180,42,49.380551867165394,38.57402309443311,1.240824058696091,-14.187875517752975
B_c172,Persistencia,180,42,28.720543938105706,22.505407774213463,0.7504395353555954,-7.382543402808636
B_c173,Persistencia,180,42,38.975851083263066,29.882883811701184,0.9989447225442091,-12.03793731495782
B_c174,Persistencia,180,42,60.19148183718012,58.561894339738025,1.8946530153309258,-2.6541529122130103
B_c175,Persistencia,180,42,25.83939373679478,23.269683080070312,0.7674304134576169,-2.8758508886287446
B_c176,Persistencia,180,42,173.9949044732967,148.32229745353547,4.94448019564176,-0.9370459472967776
B_c177,Persistencia,180,42,67.63667119515901,66.10110884091596,2.063577538417187,-2.313853228583393
B_c178,Persistencia,180,42,26.572496701265056,24.72997696122297,0.8084531568274198,-1.161170310464076
B_c179,Persistencia,180,42,45.03856009473889,43.71411024597233,1.3816034039203617,-2.1461686850394104
B_c180,Persistencia,180,42,32.86346655798562,31.255890484110537,1.0394044532319577,-1.9422032679084693
B_c181,Persistencia,180,42,57.21104195029963,55.29211643985999,1.7708931207207974,-3.251180757515937
A_c001,Tendencia lineal,60,58,67.06599813685735,41.61739680573807,1.3219649610341433,-0.029845852263290285
A_c002,Tendencia lineal,60,58,174.8767976039233,93.95444165182515,2.994703076217393,-1.3285432850921306
A_c003,Tendencia lineal,60,58,170.74898554993987,88.94992844957845,2.843404924620689,-1.1882525118055676
A_c004,Tendencia lineal,60,58,50.083651073649605,26.94566689935422,0.88925806608251,-3.055575298222804
A_c005,Tendencia lineal,60,58,61.9398376823944,32.63395186969791,1.0512420055371012,-2.1441869283999635
A_c006,Tendencia lineal,60,58,74.8248110790453,38.66279225231997,1.3174133031503903,-8.747549222250436
A_c007,Tendencia lineal,60,58,81.59971799908085,39.05031344935525,1.3418967274980804,-20.528784450106503
A_c008,Tendencia lineal,60,58,85.23362668087877,40.024273327607574,1.3670463959078858,-22.73856421246299
A_c009,Tendencia lineal,60,58,60.394743165765455,27.116876208305943,0.8655425225449164,-2.7114190530847257
A_c010,Tendencia lineal,60,58,60.28567010112126,28.01463674669687,0.8969380135342613,-2.6426768964520364
A_c011,Tendencia lineal,60,58,77.33779024236809,44.18753329555718,1.3790353716273567,-1.2029128742291775
A_c012,Tendencia lineal,60,58,49.480275387852,23.91333840689836,0.7895435373366936,-19.30358022026807
A_c013,Tendencia lineal,60,58,131.02609488383624,57.37184210266221,1.961110681717542,-33.833724156185845
A_c014,Tendencia lineal,60,58,52.73405053581865,24.558393813302885,0.8014360398861075,-22.267105138763952
A_c015,Tendencia lineal,60,58,50.58617651748505,23.866667439442928,0.7784882632261059,-2.5542123783990593
A_c016,Tendencia lineal,60,58,61.07212076361359,28.078170047351435,0.8899292512688413,-1.5629049153617451
A_c017,Tendencia lineal,60,58,53.04024522796065,26.00686791062254,0.845490651399574,-10.079766527590497
A_c018,Tendencia lineal,60,58,228.8046664954755,116.96015095617469,3.7153993266235905,-1.045702969697364
A_c019,Tendencia lineal,60,58,49.38135090065446,24.01529555804173,0.7948351447437907,-6.3751239564325255
A_c020,Tendencia lineal,60,58,51.02559242538176,25.216610486422425,0.8241353766702734,-4.7553444233643045
A_c021,Tendencia lineal,60,58,51.21413092318479,25.569552733527452,0.8309275099677625,-6.014162452032493
A_c022,Tendencia lineal,60,58,50.335895535060786,27.89100817571511,0.907727250574334,-6.899763563423238
A_c023,Tendencia lineal,60,58,50.54950188368362,24.997230553785066,0.8131591629858097,-3.3790575224770807
A_c024,Tendencia lineal,60,58,47.1436376741002,24.415972518053337,0.798508305519784,-4.550336032522016
A_c025,Tendencia lineal,60,58,64.356246673582,30.749998538315218,0.9845237632349584,-2.9742772360939673
A_c026,Tendencia lineal,60,58,185.5594067217119,99.28489229994769,3.208138883843286,-1.2384614781819274
A_c027,Tendencia lineal,60,58,45.87939069195348,20.186052295495887,0.669263718441872,-8.795667269700008
A_c028,Tendencia lineal,60,58,49.081661809940805,25.811800926172047,0.8538412261485695,-3.9244025570476255
A_c029,Tendencia lineal,60,58,76.96930125508698,45.851894215649,1.4397520094149607,-1.2665409806455834
A_c030,Tendencia lineal,60,58,72.90825599480523,36.798343365130044,1.1449951967270744,-1.546964617492423
A_c031,Tendencia lineal,60,58,61.29010678267346,31.2481661050617,0.9940682169140094,-1.3081814443852684
A_c032,Tendencia lineal,60,58,63.438822827298125,28.788872842289454,0.917378493899672,-3.0111404709251355
A_c033,Tendencia lineal,60,58,77.19330038436492,38.932048894179836,1.2124869341753242,-0.7142407267197095
A_c034,Tendencia lineal,60,58,131.7888294478759,74.44063001816332,2.3903216814500037,-1.4015067852026193
A_c035,Tendencia lineal,60,58,50.28542810927344,24.54722220019603,0.8034626737867325,-5.748835984430631
A_c036,Tendencia lineal,60,58,142.0915110932842,82.43016119012242,2.650456396633845,-1.4527526545593457
A_c037,Tendencia lineal,60,58,66.87966244858983,30.47113393839222,0.9574933992762173,-1.5420571347478083
A_c038,Tendencia lineal,60,58,100.99558577051772,60.810542930139675,1.9225513562181429,-2.4531842282369847
A_c039,Tendencia lineal,60,58,76.15280488802524,37.326820523030186,1.164503224947792,-1.129689167849231
A_c040,Tendencia lineal,60,58,150.54331274582358,83.74607691351945,2.708348075224456,-1.532083335562545
A_c041,Tendencia lineal,60,58,70.86198599660588,35.82696778353066,1.1234747436240438,-2.1247506800317715
A_c042,Tendencia lineal,60,58,155.57254329368743,85.94806641336604,2.7735964822242236,-1.5900691919263163
A_c043,Tendencia lineal,60,58,64.02727598457751,31.510722430693075,1.005915123039579,-2.4723314444065436
A_c044,Tendencia lineal,60,58,67.84815472753148,33.06208894003193,1.0497671234407406,-1.7151880659110432
A_c045,Tendencia lineal,60,58,62.39584931886837,30.08964377252654,0.964010195784225,-2.5906937797121428
A_c046,Tendencia lineal,60,58,149.32812924601373,81.62007211102237,2.641812591313308,-1.3653623714227887
A_c047,Tendencia lineal,60,58,68.61963501565405,34.76377793951506,1.0868447130270027,-1.2910470966990593
A_c048,Tendencia lineal,60,58,63.13592608405884,30.180686068825167,0.9537297365781782,-1.6476067199484388
A_c049,Tendencia lineal,60,58,147.82108937248586,85.63362644614155,2.7730419420850376,-1.4608389703402342
A_c050,Tendencia lineal,60,58,74.30842032953893,41.25919305331961,1.299740114144741,-1.6112471396017778
A_c051,Tendencia lineal,60,58,76.12492075299866,40.17162760133226,1.2555932381067727,-0.9488754400775656
A_c052,Tendencia lineal,60,58,167.46296029086363,92.57747035419955,2.982134683296306,-1.5090580625586814
A_c053,Tendencia lineal,60,58,57.98609526470872,27.258971244347865,0.8744267381725839,-3.0605391238018855
A_c054,Tendencia lineal,60,58,70.4278296627633,35.65494213653397,1.1115693215521782,-1.2072391312995059
A_c055,Tendencia lineal,60,58,66.87227981417826,35.39446208151587,1.1227717492626446,-2.351737319891569
A_c056,Tendencia lineal,60,58,53.01893596748589,24.08729445890046,0.7855426269795089,-22.73379083265169
A_c057,Tendencia lineal,60,58,78.85286008979182,43.31081840544609,1.3512128148362392,-0.9381456565258988
A_c058,Tendencia lineal,60,58,79.20770287653856,38.323884725394365,1.22314787383947,-0.4339466423772125
A_c059,Tendencia lineal,60,58,95.30027759634335,57.1984831611537,1.712311278379032,0.14272289225424417
A_c060,Tendencia lineal,60,58,76.41847055977388,39.056865516957224,1.2063951941739366,-0.8194266367096541
A_c061,Tendencia lineal,60,58,74.39961788247201,43.68895583660254,1.4134232941789173,-0.780030982440763
A_c062,Tendencia lineal,60,58,70.10486987048583,44.26559659150054,1.4286155831792793,-7.209074440601242
A_c063,Tendencia lineal,60,58,66.3052907719269,35.578835561754985,1.1152116550277262,-0.6084074591745734
A_c064,Tendencia lineal,60,58,61.70835704328084,28.063758840112182,0.8924626679017993,-4.149328643853472
A_c065,Tendencia lineal,60,58,143.7440206262001,58.74874365820993,1.988398297056512,-35.986870799952875
A_c066,Tendencia lineal,60,58,76.81971731360437,40.07085669066796,1.2431508164394331,-2.1868915889249347
A_c067,Tendencia lineal,60,58,189.08291358923694,102.52687362838103,3.2743010377758566,-1.460112853255759
A_c068,Tendencia lineal,60,58,142.284743741641,55.729677133988964,1.88562954359911,-41.77260108716723
A_c069,Tendencia lineal,60,58,145.2867520945067,79.82158214208798,2.565561873575919,-1.5311837991361137
A_c070,Tendencia lineal,60,58,179.6399249263479,95.32638110933927,3.0605392835974548,-1.2327964046424231
A_c071,Tendencia lineal,60,58,147.5183812817021,62.015245772258794,2.101166396359748,-35.977870876375825
A_c072,Tendencia lineal,60,58,51.73666069720596,26.62113848052776,0.8733779311701483,-7.940093837783632
A_c073,Tendencia lineal,60,58,55.80262962831407,30.53681143923872,0.9936814224523786,-8.909275832991236
A_c074,Tendencia lineal,60,58,129.51703482900618,60.13278473503702,2.01965228523964,-11.450787701129034
A_c075,Tendencia lineal,60,58,160.77289643995124,89.67476410455947,2.812194793972403,-1.5968215472597551
A_c076,Tendencia lineal,60,58,50.38779616743652,24.79998840530155,0.8142482825401608,-10.02641027880994
A_c077,Tendencia lineal,60,58,141.4496686930875,57.722443847658745,1.9524908507862975,-28.577495762880694
A_c078,Tendencia lineal,60,58,110.20270724943624,48.450084465493134,1.6350199783427048,-13.484555417614336
A_c079,Tendencia lineal,60,58,91.86975143602633,43.81887525914729,1.481512472985353,-10.06041856854306
A_c080,Tendencia lineal,60,58,147.84884395607708,59.219828661741985,2.016816672586626,-35.840184380846964
A_c081,Tendencia lineal,60,58,162.13791686029066,90.85679424463727,2.9282800926419035,-1.4681010227956528
A_c082,Tendencia lineal,60,58,67.61537619312091,34.176135909259536,1.0735291555443078,-2.202019414217469
A_c083,Tendencia lineal,60,58,145.6841063762169,61.24570170403433,2.087508510234417,-21.89312413816597
A_c084,Tendencia lineal,60,58,221.37610814578414,120.57093714421431,3.707939812759236,-1.382124467679522
A_c085,Tendencia lineal,60,58,133.94953493912135,57.51565509942328,1.938545783320509,-27.436815897464058
A_c086,Tendencia lineal,60,58,77.90177588651504,38.441327227118755,1.2915104890056526,-10.400217410692266
A_c087,Tendencia lineal,60,58,143.1895191947812,61.067357176270896,2.0610284343330054,-27.077043551067838
A_c088,Tendencia lineal,60,58,65.18324968158159,31.540219420843194,1.0558674189573007,-8.324536786761097
A_c089,Tendencia lineal,60,58,147.28823429003018,57.32136035160969,1.9352450201624911,-47.94480642224382
A_c090,Tendencia lineal,60,58,54.4077882316818,29.61937831245148,0.9673021181771326,-13.538590172731256
A_c091,Tendencia lineal,60,58,147.88730753843205,58.90595778730819,1.9981936809796157,-41.36548911996625
A_c092,Tendencia lineal,60,58,70.79593568519329,34.890106591720496,1.0897016736075131,-1.5710656301148829
A_c093,Tendencia lineal,60,58,68.88436099067272,34.6734099618877,1.1567516259463355,-7.501625287056525
A_c094,Tendencia lineal,60,58,130.73247482182586,54.9792041472908,1.85723353951655,-53.638302765302804
A_c095,Tendencia lineal,60,58,54.51980946515973,30.948460689714796,1.0236429854190985,-12.12519857875975
A_c096,Tendencia lineal,60,58,51.25147629944479,25.099684074971066,0.8219005213531799,-8.804537415205981
A_c097,Tendencia lineal,60,58,154.3774062843994,64.1301351165302,2.1827803865077717,-23.228788136057936
A_c098,Tendencia lineal,60,58,73.02768485096925,36.13565188327733,1.1402093499722206,-1.602342945020018
A_c099,Tendencia lineal,60,58,55.454887071601945,28.24552163592842,0.905569085726435,-4.1994727676097465
A_c100,Tendencia lineal,60,58,153.40049682134858,63.574056032726794,2.176117596843831,-22.164792177493755
A_c101,Tendencia lineal,60,58,55.090044770907504,28.704205244705694,0.938760345807279,-7.40497209584516
A_c102,Tendencia lineal,60,58,50.54275601809325,25.227196883744814,0.8228412723836948,-9.41758206699636
A_c103,Tendencia lineal,60,58,167.99421733146758,64.3524216633341,2.1974713680293556,-44.11631154409606
A_c104,Tendencia lineal,60,58,166.82368871089426,91.8486749418745,2.949667444823985,-1.525589485904558
A_c105,Tendencia lineal,60,58,50.77168771724388,26.994126074674632,0.8827052546800248,-7.8775432021597425
A_c106,Tendencia lineal,60,58,149.40840989955856,61.98680721585351,2.1101324623500237,-29.500339372581337
A_c107,Tendencia lineal,60,58,101.84298114111735,45.24452090067456,1.55043308231723,-17.78288173368233
A_c108,Tendencia lineal,60,58,81.6507078410198,40.6719554634837,1.3803727906781926,-8.348309027788627
A_c109,Tendencia lineal,60,58,151.51060815384463,59.51024268264266,2.030982186717708,-41.21033940520486
A_c110,Tendencia lineal,60,58,93.08194866804376,42.45156967948797,1.4520613497625028,-15.459338357760295
A_c111,Tendencia lineal,60,58,97.10529802413018,44.77312785941109,1.5283507519643118,-16.76357039845222
A_c112,Tendencia lineal,60,58,150.11210784086222,65.93999390037348,2.2371268813083574,-11.81139421881204
A_c113,Tendencia lineal,60,58,91.48485010223757,43.34817744063677,1.4858126455763474,-12.764390919239677
A_c114,Tendencia lineal,60,58,48.7606893202525,24.332715772925834,0.8106734429411795,-15.104157789068381
A_c115,Tendencia lineal,60,58,156.1756319075389,64.58791614133997,2.213430905382821,-44.983711232546966
A_c116,Tendencia lineal,60,58,195.7412163027333,107.59635491784873,3.3715140656344325,-1.5333505168425265
A_c117,Tendencia lineal,60,58,55.82533112010637,28.081410609036066,0.9250772216404579,-2.011136703121329
A_c118,Tendencia lineal,60,58,159.83276312117763,64.12880009579808,2.202884675456001,-76.50347352051061
A_c119,Tendencia lineal,60,58,91.9562639206062,42.83854563439126,1.4616004383316457,-21.273213905494195
A_c120,Tendencia lineal,60,58,130.04583178418207,54.83986685522645,1.8596717700463066,-22.591813534608114
A_c121,Tendencia lineal,60,58,207.6955602051053,102.97606114769695,3.384339387885656,-87.11693602205749
A_c122,Tendencia lineal,60,58,65.51906546670031,37.92278783834352,1.217450613366383,-4.709720417939263
A_c123,Tendencia lineal,60,51,79.75114784964612,51.13866208009952,1.623365048618185,-2.007902015697664
A_c124,Tendencia lineal,60,51,119.3914076995201,91.0063905822948,2.8781282823232623,-3.2021033597999287
A_c125,Tendencia lineal,60,58,89.88388554701062,43.117094431141275,1.4876151640237898,-12.411963811324847
A_c126,Tendencia lineal,60,58,147.66641747399058,82.220058871027,2.6381249809894722,-1.6971403502725715
A_c127,Tendencia lineal,60,58,155.53168443151813,87.94595059206178,2.776157460130555,-1.3999388475307697
A_c128,Tendencia lineal,60,58,69.36002633646669,34.186475583700606,1.0839732065393726,-2.054955396038351
A_c129,Tendencia lineal,60,58,123.1016329118121,71.06868841791592,2.2499365992233114,-2.055331409513491
A_c130,Tendencia lineal,60,58,214.5253964171219,114.81619021753043,3.6026985598579704,-1.121298262152929
A_c131,Tendencia lineal,60,58,75.13495150526471,36.44118227667084,1.1358629095149964,-0.8477613714501109
A_c132,Tendencia lineal,60,58,165.83858923974606,92.75919039325717,2.973781697518122,-1.6093586266939206
A_c133,Tendencia lineal,60,58,49.67225348736577,23.551907503710318,0.7832185116995584,-3.892979829109181
A_c134,Tendencia lineal,60,58,200.13788034859553,106.14331645627124,3.273125293885419,-1.3017070592542015
A_c135,Tendencia lineal,60,58,95.73414362760641,43.70747934743477,1.498971454568126,-11.815377800165336
A_c136,Tendencia lineal,60,58,77.44214939305556,39.36446157105254,1.2234182717846258,-2.603879201809607
A_c137,Tendencia lineal,60,58,76.52912625897932,38.84197413955794,1.2136606048059806,-1.0188472489121598
A_c138,Tendencia lineal,60,58,70.08058227721638,36.27261035742417,1.1386295847916104,-2.127796326297331
A_c139,Tendencia lineal,60,58,73.8199550608724,38.26851525400387,1.194561694898729,-0.7823288048596764
A_c140,Tendencia lineal,60,58,148.86828097429765,82.50006585183175,2.6539129257473006,-1.6060552542277513
A_c141,Tendencia lineal,60,58,92.45108466795186,41.52303280960636,1.416217055656343,-13.45253009676813
A_c142,Tendencia lineal,60,58,109.54852117304735,46.45313769348209,1.586390629215516,-23.49234622793496
A_c143,Tendencia lineal,60,58,50.020784309630024,22.980922537800254,0.7601657725270389,-7.2708981914876105
A_c144,Tendencia lineal,60,58,77.79325903922386,40.57185850960398,1.2643669960964998,-1.7723459117419247
A_c145,Tendencia lineal,60,58,101.82214977362187,48.39351843353684,1.5620183284688243,-6.4283436606833835
A_c146,Tendencia lineal,60,58,166.55847001040985,90.91478469725135,2.9098085296486014,-1.3944185096272577
A_c147,Tendencia lineal,60,58,65.95970156428488,34.19046922831496,1.079412538005895,-2.326147558275404
A_c148,Tendencia lineal,60,58,64.05912959729763,29.80201725175955,0.9499463357047403,-1.999746214246072
A_c149,Tendencia lineal,60,58,68.44556806442074,34.26127653149581,1.0800406192121716,-1.7716085686406493
A_c150,Tendencia lineal,60,58,70.29032949870071,33.7506412312582,1.0669973459305304,-1.8334061337357284
A_c151,Tendencia lineal,60,58,65.0353492020797,32.07542454988831,1.0107151365471656,-2.1360047669297293
A_c152,Tendencia lineal,60,58,172.65501008006407,96.73230901470579,3.0755941319353886,-1.574607167610746
A_c153,Tendencia lineal,60,58,71.84577379945672,33.701216985049676,1.0470740156402731,-0.828505972123196
A_c154,Tendencia lineal,60,58,97.08075806062534,45.65131067843464,1.5477652102740678,-10.479768281205306
A_c155,Tendencia lineal,60,58,56.30492639553564,25.20824962225248,0.8171286732089232,-5.734542226286276
A_c156,Tendencia lineal,60,58,56.699500597271395,29.792995121000423,0.9787068982517166,-2.0651776848578747
A_c157,Tendencia lineal,60,58,54.636247607508516,26.192294740429503,0.8541816447012622,-2.7255727703849804
A_c158,Tendencia lineal,60,58,65.15843582179977,31.185499224421516,0.9826414965032275,-1.6555610561938225
A_c159,Tendencia lineal,60,58,73.76098327165823,36.29743584260907,1.1350541186398122,-2.349730690660924
A_c160,Tendencia lineal,60,58,67.73136220893417,31.890856390984027,1.0097115304843556,-1.5723403169506005
A_c161,Tendencia lineal,60,58,68.62668277462464,33.328778629687285,1.0473634415553466,-2.6952187260782505
A_c162,Tendencia lineal,60,58,169.82285842477057,94.44709066340928,3.054380712123751,-1.6565431139200144
A_c163,Tendencia lineal,60,58,166.2724156354228,89.73586544439023,2.8616471489154662,-1.4786514720597737
A_c164,Tendencia lineal,60,58,130.44994684647253,71.70428159488118,2.296543356524019,-1.6946103992335715
A_c165,Tendencia lineal,60,58,56.947458748007556,29.906073768457876,0.972378726128722,-3.209893297674843
A_c166,Tendencia lineal,60,58,50.328934874149745,23.25964925268378,0.767711108632044,-6.596974975805326
A_c167,Tendencia lineal,60,58,62.01397036148897,29.140975489740583,0.9372029975427998,-4.119548281483555
A_c168,Tendencia lineal,60,58,50.54276437009297,24.620193380148617,0.8114274956556508,-11.5491255991444
A_c169,Tendencia lineal,60,58,74.64913417792461,39.001998042846374,1.2202346740703938,-0.918379505365907
A_c170,Tendencia lineal,60,58,190.9456483454316,102.35682059152076,3.184433198597191,-1.4089306130934256
A_c171,Tendencia lineal,60,58,54.56430431531423,26.840338264727063,0.873844868329377,-9.008144421676521
A_c172,Tendencia lineal,60,58,56.51241985134412,32.55769993008529,1.0707489787977789,-2.0251472399992063
A_c173,Tendencia lineal,60,58,77.91840671944009,44.43431293865507,1.3832137466302057,-0.7995255102499548
A_c174,Tendencia lineal,60,58,65.04601249363976,31.00725635004476,0.9854855681688774,-2.0173989582451397
A_c175,Tendencia lineal,60,58,69.36315261928296,35.24879972096604,1.104059318937668,-0.8970875300331349
A_c176,Tendencia lineal,60,58,142.1872153327395,79.59924913982138,2.477091320110672,-1.9709444608405513
A_c177,Tendencia lineal,60,58,48.20453989125891,25.990528251846293,0.8728851387538211,-3.5965747566638804
A_c178,Tendencia lineal,60,58,73.29789142733968,36.22443687473043,1.2379211441415499,-8.940308379307437
A_c179,Tendencia lineal,60,58,57.75585370298113,26.132031951883896,0.8429679670099267,-5.07244954841498
A_c180,Tendencia lineal,60,58,161.8218151475139,60.25819092809046,2.0559442308959537,-47.25196697388187
A_c181,Tendencia lineal,60,58,88.11387201880446,41.03593780952737,1.4059597587173764,-23.20320060339567
B_c001,Tendencia lineal,60,58,177.55489419739735,125.02542492420321,3.7855594617990644,-0.669811567949538
B_c002,Tendencia lineal,60,58,74.32620354583246,37.265316504543804,1.161110419708302,-0.924818131690655
B_c003,Tendencia lineal,60,58,66.84653819009002,33.3358282680801,1.0536752670607128,-1.0253436394872266
B_c004,Tendencia lineal,60,58,80.46571563414189,39.988472858534415,1.2293032117116358,-1.235883591789419
B_c005,Tendencia lineal,60,58,123.34794241360872,49.258883921146015,1.688590918654823,-36.182132341547636
B_c006,Tendencia lineal,60,58,70.00095053079495,34.29518747350729,1.070996126117334,-0.8985861767382513
B_c007,Tendencia lineal,60,58,72.9223226420126,37.09600174496964,1.16505954187946,-1.23125830117979
B_c008,Tendencia lineal,60,58,68.8317891466883,34.677941875205654,1.102967601081799,-1.7051918599674045
B_c009,Tendencia lineal,60,58,75.66043768730906,38.69975116437702,1.2100583447469317,-0.8095035929701178
B_c010,Tendencia lineal,60,58,70.8781900356528,36.15124640253538,1.1464877646589513,-1.4686719940397301
B_c011,Tendencia lineal,60,58,130.99922650256764,62.72594354913062,1.9040978452319328,-0.5350338653859787
B_c012,Tendencia lineal,60,58,69.10989678344905,35.01890056057985,1.1072021652583892,-1.1178530496069206
B_c013,Tendencia lineal,60,58,75.18417594637721,37.795379589406515,1.181588710720978,-0.7902788480239296
B_c014,Tendencia lineal,60,58,72.5393545815246,37.416850152696796,1.163650902128403,-1.0010504577714525
B_c015,Tendencia lineal,60,58,68.83017177819157,34.11049460686257,1.0781748629644416,-1.2057001992832408
B_c016,Tendencia lineal,60,58,88.67477983096852,55.67955745423307,1.820125005102818,-2.726793013301825
B_c017,Tendencia lineal,60,58,77.39938520412257,39.0225366099522,1.2051184561336223,-0.45519368765479395
B_c018,Tendencia lineal,60,58,74.8897154308232,37.14271138720646,1.1495742997535048,-0.7580986065152888
B_c019,Tendencia lineal,60,58,70.45359587262173,34.750997810398104,1.0864463075239936,-0.8787231176097783
B_c020,Tendencia lineal,60,58,114.06454944004555,52.379498634321706,1.617072130651247,-0.9026420707444596
B_c021,Tendencia lineal,60,58,125.74425646231346,55.28498189584981,1.7129354852115,-0.5899149571749875
B_c022,Tendencia lineal,60,58,67.43492218988054,34.002630813808665,1.0681944886214279,-1.1542062543898552
B_c023,Tendencia lineal,60,58,66.33059236382641,33.88396738085291,1.0762565365449743,-1.5784052185385438
B_c024,Tendencia lineal,60,58,70.49161932947872,34.9673253359113,1.0948006675332265,-0.7379366576016679
B_c025,Tendencia lineal,60,58,69.23541846944119,34.24591414583828,1.0816099609144736,-1.407199912110955
B_c026,Tendencia lineal,60,58,75.89254162100006,36.63973948776158,1.1279116425169406,-0.5396863424318727
B_c027,Tendencia lineal,60,58,71.94008360118735,43.942685209120675,1.4840269014341754,-2.8916543293326673
B_c028,Tendencia lineal,60,58,73.56951667480156,34.49834854642337,1.0534005951510121,-0.639880349548869
B_c029,Tendencia lineal,60,58,75.43638045899621,36.12028946780832,1.1006639010087431,-1.456907728541342
B_c030,Tendencia lineal,60,58,62.84537208284011,34.76239018537635,1.1062598977253848,-1.8815453489809033
B_c031,Tendencia lineal,60,58,78.29733857093467,48.06502359805584,1.59437665468787,-2.816799534277822
B_c032,Tendencia lineal,60,58,72.86019783715662,35.09217143395432,1.0885048514768858,-0.6715691925853764
B_c033,Tendencia lineal,60,58,72.01886066363585,35.998150359897956,1.1148367127073509,-0.8145252102622882
B_c034,Tendencia lineal,60,58,80.91646002517176,38.771863069902025,1.2002561159132414,-0.6533205747069577
B_c035,Tendencia lineal,60,58,123.6506458789877,51.5665622956373,1.7515960133963444,-16.27139564209441
B_c036,Tendencia lineal,60,58,129.30401055226696,50.59296430459895,1.7385691574948594,-35.36844843215558
B_c037,Tendencia lineal,60,58,84.00812376734692,37.80253078393457,1.154460523573932,-2.89520431753456
B_c038,Tendencia lineal,60,58,71.39244624567705,34.65307511770316,1.0584875113794818,-0.19346747648565032
B_c039,Tendencia lineal,60,58,79.81415772595462,41.90222231075849,1.2833678170279346,-0.29402136269013623
B_c040,Tendencia lineal,60,58,123.88529343670274,57.16934432439115,1.7502481564337837,-0.8368855766251371
B_c041,Tendencia lineal,60,58,102.97436465866228,63.03164187574618,2.0631311318923204,-2.9706576678026435
B_c042,Tendencia lineal,60,58,76.87755927257902,37.983080480287065,1.1700889853846301,-0.6485791378351169
B_c043,Tendencia lineal,60,58,83.76959278926653,50.78854452618212,1.6994027801975637,-3.9625401776630724
B_c044,Tendencia lineal,60,58,74.33552506108819,36.10072849266754,1.1259834293595754,-0.9856565640664581
B_c045,Tendencia lineal,60,58,64.55854212475906,32.59245107072709,1.0364944387285941,-1.474634750358954
B_c046,Tendencia lineal,60,58,102.22748488460212,53.042731946396074,1.618564697525786,-0.4229653031244156
B_c047,Tendencia lineal,60,58,69.06828990531206,33.20350633238804,1.039693983153438,-1.0965381041430136
B_c048,Tendencia lineal,60,58,92.63202254931754,53.131013757470754,1.6973584751676016,-3.9179136483787413
B_c049,Tendencia lineal,60,58,64.12676971973191,38.10226523587903,1.2728966003786202,-4.582693854759932
B_c050,Tendencia lineal,60,58,51.94430520663216,29.607600274404046,0.9830243538886042,-15.185511827879381
B_c051,Tendencia lineal,60,58,66.78976189512431,40.175371861609335,1.3396346601976439,-3.6967499614887496
B_c052,Tendencia lineal,60,58,133.951676528209,55.26884699754491,1.8800447555982838,-16.730305564981858
B_c053,Tendencia lineal,60,58,56.6813729964341,29.015335514687816,0.9446160512258944,-52.46686678088997
B_c054,Tendencia lineal,60,58,62.13025213707422,37.13136940314243,1.2181416088893444,-45.672600125515885
B_c055,Tendencia lineal,60,58,132.47077595741231,54.94466421209247,1.871217844644356,-27.937648452483593
B_c056,Tendencia lineal,60,58,136.20900120009205,54.23141198886704,1.8569698599242184,-27.623192989011653
B_c057,Tendencia lineal,60,58,80.36726684610325,46.83117680583164,1.5009996655593312,-5.3550935581408705
B_c058,Tendencia lineal,60,58,62.89894434432901,31.107030172356026,1.0039679072711376,-1.542772286264794
B_c059,Tendencia lineal,60,58,61.32134623056224,40.49691552207232,1.3716679402895318,-7.298611954867015
B_c060,Tendencia lineal,60,58,74.41350388793123,35.7717205549322,1.1131426660968742,-1.3335937160458258
B_c061,Tendencia lineal,60,58,52.12723110558092,27.55427476180983,0.9113345482109393,-8.368522765035713
B_c062,Tendencia lineal,60,58,91.38455509231856,61.09298047903692,1.9839657779438538,-11.051124917350956
B_c063,Tendencia lineal,60,58,85.78655021568706,53.94898277032522,1.7986965004762994,-3.9873973604961517
B_c064,Tendencia lineal,60,58,74.52951317946223,36.18077772765941,1.1269067613528492,-0.9664752288892489
B_c065,Tendencia lineal,60,58,70.41774146364698,33.77157216550441,1.0629747296663716,-1.72511871060314
B_c066,Tendencia lineal,60,58,114.83684370467066,66.61455966891276,2.2370894193702995,-4.247440214302967
B_c067,Tendencia lineal,60,58,68.51036407206874,32.53081127204657,1.026911702139181,-1.4612390275784466
B_c068,Tendencia lineal,60,58,59.757476417596976,29.83469456188962,0.9685564270170332,-2.4364711446312457
B_c069,Tendencia lineal,60,58,82.7508291290407,41.08019035548422,1.263526988940471,-0.3779582095750178
B_c070,Tendencia lineal,60,58,140.8413926572735,67.86496557660256,2.0719049528931106,-0.22749968013459165
B_c071,Tendencia lineal,60,58,125.64429466205252,59.66803929331094,1.7876199610184778,-0.20050073836066584
B_c072,Tendencia lineal,60,58,74.10754847900547,35.61217189626845,1.1084897988413995,-1.184803282299876
B_c073,Tendencia lineal,60,58,63.67863370525986,31.615283193116927,1.0079583084202104,-0.8607400583906339
B_c074,Tendencia lineal,60,58,100.89535300561691,66.35893621953423,2.181205327769229,-6.100609610453031
B_c075,Tendencia lineal,60,58,113.11486409140124,68.13124126694723,2.17110534923904,-1.4643994159656053
B_c076,Tendencia lineal,60,58,70.1157367717956,42.603267358559364,1.4227244978483917,-12.02538593246679
B_c077,Tendencia lineal,60,58,65.76133686363694,33.464676344040654,1.079649905272947,-2.8959376269488524
B_c078,Tendencia lineal,60,58,55.6769715975983,31.012651919482305,1.0038095570677685,-2.1490087633308086
B_c079,Tendencia lineal,60,58,70.44499488578712,34.80453862321386,1.0917893108608596,-0.9271571527251468
B_c080,Tendencia lineal,60,58,83.42991945955384,41.281449975023826,1.271791966129222,-0.48120658726750176
B_c081,Tendencia lineal,60,58,108.46503683103026,68.01363234671878,2.2713054091885616,-3.1082301558169556
B_c082,Tendencia lineal,60,58,63.92330929216107,33.412871653251,1.0939238654842107,-25.606445847271697
B_c083,Tendencia lineal,60,58,72.32550035745652,36.20845375557398,1.1230158468694513,-1.2691966250151832
B_c084,Tendencia lineal,60,58,66.62279785097267,33.29863300371796,1.0672055185013358,-1.2572621167129339
B_c085,Tendencia lineal,60,58,76.05214188874837,44.25113731878083,1.422378019112675,-6.6200763144138515
B_c086,Tendencia lineal,60,58,77.07186113111435,39.24041259432561,1.213591169538438,-0.6845212631944264
B_c087,Tendencia lineal,60,58,78.96732583718882,39.107467640207204,1.2027039113981641,-0.3797163058470441
B_c088,Tendencia lineal,60,58,78.85705210620537,49.72865197255705,1.6843220804352168,-3.918513563914029
B_c089,Tendencia lineal,60,58,83.0890885885946,49.82141840251064,1.6783013645699478,-4.3154419720870125
B_c090,Tendencia lineal,60,58,139.11132051502761,69.76217300128641,2.1074845075315096,-0.2974888364450403
B_c091,Tendencia lineal,60,58,152.72024219407763,90.95974277594748,3.062383761905599,-3.62568483372724
B_c092,Tendencia lineal,60,58,85.10883275212647,52.28123703659281,1.6581712845369043,-3.367999193576244
B_c093,Tendencia lineal,60,58,68.73010916821254,33.86333129307604,1.070600162971367,-0.8649663406841301
B_c094,Tendencia lineal,60,58,107.33936444784409,56.803744690392385,1.7484892221537989,-0.5468859135817703
B_c095,Tendencia lineal,60,58,83.63982090865457,49.67147643733569,1.6225321444916962,-3.7546729317585896
B_c096,Tendencia lineal,60,58,74.06733513433355,46.69689026330173,1.5134592201396528,-9.951914592160486
B_c097,Tendencia lineal,60,58,67.23789326142717,37.85233808521668,1.221569499881176,-12.059690814980828
B_c098,Tendencia lineal,60,58,65.33472805647861,41.6176356271452,1.363468815541226,-19.314056999857893
B_c099,Tendencia lineal,60,58,71.63524947539045,34.055373117059276,1.0704073184217817,-1.2969532117264464
B_c100,Tendencia lineal,60,58,73.58291895735486,38.440440450849536,1.1919577831409633,-0.6746621642159831
B_c101,Tendencia lineal,60,58,72.52710326850506,33.68590903792503,1.0489030553007423,-1.1451163567624123
B_c102,Tendencia lineal,60,58,65.56548729229655,33.22836726794808,1.061227165819119,-1.8308616322005395
B_c103,Tendencia lineal,60,58,66.62652621747371,32.21107939156485,1.0267517570878033,-0.8819643955592196
B_c104,Tendencia lineal,60,58,72.5275383196909,36.026926802922524,1.1344638633526714,-2.0984127866025366
B_c105,Tendencia lineal,60,58,65.65089627639593,33.44885730097274,1.0767333961876528,-1.4569824942295395
B_c106,Tendencia lineal,60,58,58.01476723356075,29.92664936629289,0.9749290199174094,-3.4926284629739
B_c107,Tendencia lineal,60,58,153.0606264986032,88.06059463108183,2.77579851376104,-2.1350814735397123
B_c108,Tendencia lineal,60,58,59.77705748502107,27.35137042264656,0.8795891642837829,-142.4783267072735
B_c109,Tendencia lineal,60,58,91.4572530272869,56.32816275715366,1.8449359669705263,-3.3592931958152725
B_c110,Tendencia lineal,60,58,68.35946298181673,37.51984435051974,1.2009728551316043,-10.531518584874052
B_c111,Tendencia lineal,60,58,66.80053655503853,36.12267963246297,1.1604862149923052,-12.901701648161424
B_c112,Tendencia lineal,60,58,65.23883382710551,31.100627802191518,0.9977112308227412,-0.8396440032406425
B_c113,Tendencia lineal,60,58,68.115356595474,33.41466128225278,1.0701041805257743,-1.1777260579860873
B_c114,Tendencia lineal,60,58,76.8121291189936,36.05837152141293,1.1114570068821639,-0.9321787919943512
B_c115,Tendencia lineal,60,58,76.50215943244584,40.10770907247787,1.23968408311017,-1.346059222446077
B_c116,Tendencia lineal,60,58,60.38337297188184,30.227220013420546,0.9697931413895053,-2.068319666930269
B_c117,Tendencia lineal,60,58,67.53490373721745,31.862804093135175,1.0049421491000328,-1.5974981231321213
B_c118,Tendencia lineal,60,58,103.75166086078453,51.38737111389687,1.5952876160317444,-0.5676015389101385
B_c119,Tendencia lineal,60,58,74.41186774839856,38.14809427112173,1.193876658017123,-1.1219354045251029
B_c120,Tendencia lineal,60,58,54.74937823070859,28.520723864330254,0.9292943138135527,-3.8772561558490253
B_c121,Tendencia lineal,60,58,73.42060952369745,36.160185987707294,1.1224139409035094,-0.8066510146902108
B_c122,Tendencia lineal,60,58,81.84895932566879,38.1374715522589,1.1547014387432915,-0.6508207884501609
B_c123,Tendencia lineal,60,58,48.31339906971014,26.055439014079504,0.8679471239475459,-8.73152058527754
B_c124,Tendencia lineal,60,58,102.93282296078162,79.83159680191753,2.5864595673599418,-5.136190734665228
B_c125,Tendencia lineal,60,58,61.85026272237799,35.20396717068555,1.1593866945640698,-6.864683437789472
B_c126,Tendencia lineal,60,58,63.42337047015377,31.669726118657223,1.0307687206990988,-9.68771251835428
B_c127,Tendencia lineal,60,58,59.37578227949084,27.291905242510996,0.8912973835355432,-51.698564940932386
B_c128,Tendencia lineal,60,58,171.3792449542169,99.84094129483736,3.2763169571656645,-3.4692517775713956
B_c129,Tendencia lineal,60,58,90.59282627178975,54.48561742319469,1.746951821308007,-3.5181518443003093
B_c130,Tendencia lineal,60,58,65.81524409101101,32.530797831684275,1.0307021309577267,-0.8986974230554543
B_c131,Tendencia lineal,60,58,208.3579306676077,93.48283049162912,3.1207719050271123,-2.951022893625146
B_c132,Tendencia lineal,60,58,48.271074878070074,23.778914617878744,0.7737476835811815,-4.3523509752111345
B_c133,Tendencia lineal,60,58,89.25326737561215,56.86208868542388,1.8988967163325852,-3.968529115607213
B_c134,Tendencia lineal,60,58,106.76047873255416,59.59147441935403,1.9096755941995138,-3.251806165810609
B_c135,Tendencia lineal,60,58,56.770779300934116,29.972596746673894,0.977245978709727,-2.0405987933996776
B_c136,Tendencia lineal,60,58,215.4520497828772,95.27921724936911,3.1878641570301713,-13.58393952966271
B_c137,Tendencia lineal,60,58,72.54119401771824,34.44925741097631,1.1025139867765732,-1.3620870159676284
B_c138,Tendencia lineal,60,58,187.44417343688843,86.80306814448055,2.887416575771662,-3.0930524876185492
B_c139,Tendencia lineal,60,58,166.16731975070886,74.67682020029147,2.493266130269079,-2.703281989666681
B_c140,Tendencia lineal,60,58,61.56954144324185,29.712626464025664,0.9517586151961832,-2.7893680486674493
B_c141,Tendencia lineal,60,58,64.01953109676771,32.46335129508411,1.059973060632577,-1.8891368986523278
B_c142,Tendencia lineal,60,58,54.84477417265928,33.966414339307086,1.1068509671321791,-25.759230558165854
B_c143,Tendencia lineal,60,58,68.44483397732937,34.087213224296875,1.0614677997244648,-0.6910317420028051
B_c144,Tendencia lineal,60,58,99.60033017860142,52.01406827556027,1.7367367534766425,-2.817926715812093
B_c145,Tendencia lineal,60,58,73.81782087227958,45.00540953781518,1.459233390871007,-3.27567777445951
B_c146,Tendencia lineal,60,58,55.875829397677464,34.16710950240045,1.133223622390746,-8.094430553580843
B_c147,Tendencia lineal,60,58,61.08865027735191,38.1394107260221,1.2768741029813988,-6.239637432604328
B_c148,Tendencia lineal,60,58,108.67065477802453,61.78805080133033,1.9759055854710736,-2.7379196626671454
B_c149,Tendencia lineal,60,58,72.59041191845354,42.44384314903115,1.3666407677525572,-9.471555337160812
B_c150,Tendencia lineal,60,58,53.072644974479374,26.263736075321287,0.8575563848562435,-4.43468555414336
B_c151,Tendencia lineal,60,58,81.14064733639056,40.338968659129705,1.2607497589837335,-1.197246229198356
B_c152,Tendencia lineal,60,58,43.54653198327628,25.3645290127497,0.8498403977993082,-69.66161273810289
B_c153,Tendencia lineal,60,58,66.64781000888622,37.972715381687536,1.2161851515157884,-9.330293321663179
B_c154,Tendencia lineal,60,58,53.2792425645377,26.221497902718,0.8585853336464986,-7.362622300482892
B_c155,Tendencia lineal,60,58,48.198415703278215,23.183024779690037,0.7585149788708015,-4.184348546573358
B_c156,Tendencia lineal,60,58,50.94948139566373,24.936323866346704,0.8032568484329258,-6.129032363567014
B_c157,Tendencia lineal,60,58,111.16504870780422,65.36599254859773,2.1302204324041374,-2.485636477794054
B_c158,Tendencia lineal,60,58,257.0887071664981,113.2196420647624,3.786233159320846,-2.856250903984106
B_c159,Tendencia lineal,60,58,74.38304364844726,38.182560651103465,1.1852675797878092,-0.5596891881240229
B_c160,Tendencia lineal,60,58,142.86307785829538,64.76208821798375,2.1205355866676956,-4.011393715735198
B_c161,Tendencia lineal,60,58,72.67418296745,34.3132677372889,1.0665929162860657,-1.1429421612302222
B_c162,Tendencia lineal,60,58,65.34440395554023,36.932924063756985,1.1975058821605473,-8.194049577250563
B_c163,Tendencia lineal,60,58,68.789412230838,34.74613043837451,1.097013511037865,-1.6069502818274075
B_c164,Tendencia lineal,60,58,70.2162494608205,35.36807270318431,1.1099878106606613,-0.8774800557475573
B_c165,Tendencia lineal,60,58,236.9350027680238,104.40902481834769,3.51386338601018,-2.771607421917798
B_c166,Tendencia lineal,60,58,57.639924349835795,32.920238480759615,1.051421755471143,-23.309456654554985
B_c167,Tendencia lineal,60,58,114.80913188378123,77.73424501448994,2.575497448266563,-3.6393585695559194
B_c168,Tendencia lineal,60,58,82.84529015217043,49.23226430401305,1.5763311105302154,-4.937591698507078
B_c169,Tendencia lineal,60,58,55.20483669428284,34.812570416267775,1.1594269518252966,-6.767090823249112
B_c170,Tendencia lineal,60,58,102.6674042810349,60.24133470831665,1.9109867658996804,-3.7044415082510866
B_c171,Tendencia lineal,60,58,81.70891444174666,49.20048331856747,1.586980402950651,-6.005076165291962
B_c172,Tendencia lineal,60,58,55.53828475650315,34.055196304622065,1.1320453099132564,-14.523027918601183
B_c173,Tendencia lineal,60,58,60.821654027832984,40.060136964865485,1.333169286403935,-6.563846215239197
B_c174,Tendencia lineal,60,58,59.89376634163495,34.8239621220486,1.1319141439966265,-0.9934808054422095
B_c175,Tendencia lineal,60,58,54.758531976165635,26.89250005768184,0.8881402495067369,-7.939237228784808
B_c176,Tendencia lineal,60,58,199.1960118938703,87.66982041488818,2.9508691758048857,-2.271150945137964
B_c177,Tendencia lineal,60,58,83.1528265979374,40.18608635394081,1.255332978190529,-1.877819642864294
B_c178,Tendencia lineal,60,58,48.08007791558803,24.614382668300255,0.8057862469053063,-5.371454770359379
B_c179,Tendencia lineal,60,58,65.73800904648124,31.335722256018947,0.990535910391669,-3.121825809750339
B_c180,Tendencia lineal,60,58,124.43754200283325,48.88807703837554,1.6398762495366401,-26.018100861886037
B_c181,Tendencia lineal,60,58,68.84503162263552,34.47790179926718,1.1056498285180998,-1.8338425935687162
A_c001,Tendencia lineal,180,42,105.87323516076816,79.05416424637187,2.5063382754713186,-4.661008795630474
A_c002,Tendencia lineal,180,42,183.78979465011383,121.96975038715689,3.8937072034686957,-0.8950120697504951
A_c003,Tendencia lineal,180,42,183.1575201425026,117.53788792082645,3.766263422873161,-0.8314389749164266
A_c004,Tendencia lineal,180,42,69.1802264732337,51.53856184417034,1.6998332665008449,-10.531618230220873
A_c005,Tendencia lineal,180,42,70.7345818428088,54.505391577025115,1.7579460078167828,-4.502111508243359
A_c006,Tendencia lineal,180,42,227.29925025818818,114.88421796397024,3.909954898118396,-180.12160959987142
A_c007,Tendencia lineal,180,42,256.8296606755469,118.59735916578633,4.074769907079606,-349.5027286786677
A_c008,Tendencia lineal,180,42,266.48029565679224,114.76148041234065,3.9186962897813022,-374.9542671095122
A_c009,Tendencia lineal,180,42,48.295764999428826,33.61455575777111,1.0778837023384482,-2.4706468768190417
A_c010,Tendencia lineal,180,42,46.16729032912347,33.36062774471932,1.072795609060894,-1.7255157980557496
A_c011,Tendencia lineal,180,42,94.76406731723638,74.44776993835559,2.32108173651736,-8.157535624805744
A_c012,Tendencia lineal,180,42,53.059958380827766,38.013816536296694,1.2561142573401154,-17.17665149520766
A_c013,Tendencia lineal,180,42,440.7908531069728,174.95089108741996,5.958965678270559,-785.2983078695358
A_c014,Tendencia lineal,180,42,51.252598478172864,35.97504244961313,1.1752816443615708,-16.585984951001148
A_c015,Tendencia lineal,180,42,58.09794687489016,49.060787969054694,1.5988337570644284,-10.768441682746044
A_c016,Tendencia lineal,180,42,48.41760022506419,39.52533883780592,1.2563496943068595,-1.3347320490383665
A_c017,Tendencia lineal,180,42,57.746685052898655,40.21276414325445,1.3082890601735702,-12.347138872967557
A_c018,Tendencia lineal,180,42,254.10976818278536,158.9152110258097,5.052218766760333,-0.8391465974784285
A_c019,Tendencia lineal,180,42,57.35788366940587,38.31474543056911,1.2684831567892736,-11.153498916075783
A_c020,Tendencia lineal,180,42,73.35497398193642,48.66617184494121,1.590424438371736,-14.05043275312747
A_c021,Tendencia lineal,180,42,80.8142458488851,51.488211803161796,1.6730654913656482,-22.19553363291312
A_c022,Tendencia lineal,180,42,50.594016249615855,41.81801470852507,1.3623621904949181,-9.138828578453158
A_c023,Tendencia lineal,180,42,46.60474080134182,38.293242185969774,1.2478677303148376,-2.9108856847862414
A_c024,Tendencia lineal,180,42,49.4667650543774,37.40994606082871,1.2225841522070027,-6.079527580130854
A_c025,Tendencia lineal,180,42,47.1469336559699,35.56273048720454,1.1448215011256349,-1.6375676013411922
A_c026,Tendencia lineal,180,42,200.89518339512725,134.06567631541535,4.3341672272825535,-0.9419866197790308
A_c027,Tendencia lineal,180,42,34.41101755379825,27.542953719813532,0.9142209403922777,-4.926972283952428
A_c028,Tendencia lineal,180,42,78.16090839333108,51.01653023186838,1.6885073070756262,-16.77863479201912
A_c029,Tendencia lineal,180,42,94.58059955935853,69.2683655389147,2.18844580943526,-4.5447846079143055
A_c030,Tendencia lineal,180,42,73.2215421422246,55.19481256880261,1.7214744057243498,-3.5493611766565767
A_c031,Tendencia lineal,180,42,54.15074851512521,43.2779306944129,1.3818486346610814,-1.7044382568484742
A_c032,Tendencia lineal,180,42,45.823196605861604,36.66040764352311,1.172010718045543,-1.921823150260682
A_c033,Tendencia lineal,180,42,62.589396032962526,50.87782406769768,1.5896893973980661,-0.7310037025098628
A_c034,Tendencia lineal,180,42,137.53977512572325,99.49997462624853,3.197576103667271,-0.9975824411206504
A_c035,Tendencia lineal,180,42,54.55355918635037,39.33629557408238,1.2889274192437603,-9.731752623543878
A_c036,Tendencia lineal,180,42,176.71905885137696,126.63299585482358,4.046974670333467,-1.8044084017821898
A_c037,Tendencia lineal,180,42,51.043795185886765,42.18465611910072,1.3298573963257188,-1.3703357379037793
A_c038,Tendencia lineal,180,42,99.99140435996674,79.28041848818575,2.5124661980852907,-1.8566768933080326
A_c039,Tendencia lineal,180,42,59.863906672122305,48.68200671380278,1.5241002662332066,-0.9854272044200587
A_c040,Tendencia lineal,180,42,146.14941621340725,102.58684990830602,3.327749779288544,-0.8728911230862397
A_c041,Tendencia lineal,180,42,69.36485908444654,52.71605969503561,1.6556732046471345,-3.8585821538093343
A_c042,Tendencia lineal,180,42,154.48082903628145,108.82243407723635,3.5203983543881616,-0.9615513410339074
A_c043,Tendencia lineal,180,42,65.23745325515851,49.01617537014423,1.5680643500898637,-4.116394220209061
A_c044,Tendencia lineal,180,42,53.46361819798445,42.97503221381417,1.3682945117579726,-1.7100953000876102
A_c045,Tendencia lineal,180,42,49.8154941491218,38.628884213101514,1.2422048888383548,-2.2468267858908506
A_c046,Tendencia lineal,180,42,153.57738904465796,103.64043598875915,3.3659714123940123,-0.8473999543634758
A_c047,Tendencia lineal,180,42,72.5302214444134,54.34183982096377,1.7050552005597908,-2.8720600722854073
A_c048,Tendencia lineal,180,42,53.58048292416026,41.96879859683746,1.3306770672665846,-1.665315376211712
A_c049,Tendencia lineal,180,42,164.39578696955988,121.67684914072991,3.9203858832131324,-1.3391946024721229
A_c050,Tendencia lineal,180,42,84.44532840596887,67.5265707653735,2.128946930732038,-3.74924611703851
A_c051,Tendencia lineal,180,42,81.11198625920434,61.49358626983601,1.9230335592665637,-2.1248395956632975
A_c052,Tendencia lineal,180,42,186.92380741265958,130.8261509298673,4.188429670793748,-1.3234042178160532
A_c053,Tendencia lineal,180,42,51.39955848590782,38.86189404141797,1.2500411528212896,-3.8142283030947848
A_c054,Tendencia lineal,180,42,67.60057075546254,51.03358504731133,1.5941496377855795,-2.0606946833259503
A_c055,Tendencia lineal,180,42,79.61874409899838,56.7776019124374,1.8029342327514668,-5.5356592129430435
A_c056,Tendencia lineal,180,42,67.6860535160544,42.08780958481368,1.3746084628637487,-32.43605610612663
A_c057,Tendencia lineal,180,42,94.31888336021296,69.8920507520845,2.1785246033174976,-6.235478311252965
A_c058,Tendencia lineal,180,42,88.17890046836355,56.886957148149804,1.821855212904637,-0.5975723083515649
A_c059,Tendencia lineal,180,42,129.78564329462623,95.88252769936612,2.872338478248184,-0.7282118681691514
A_c060,Tendencia lineal,180,42,68.22751412684181,51.539737519368,1.5985902218622812,-0.6461012522865808
A_c061,Tendencia lineal,180,42,96.89991640332484,76.09669250169509,2.465884759526122,-1.7279843341773433
A_c062,Tendencia lineal,180,42,116.62590167645611,83.66956255257912,2.6949074245284264,-65.8363095737984
A_c063,Tendencia lineal,180,42,78.52359072198293,57.43226706640484,1.8013310607803572,-2.2810303922717146
A_c064,Tendencia lineal,180,42,48.296844019107134,35.93542100228027,1.1461186269164019,-3.21812710699904
A_c065,Tendencia lineal,180,42,480.23611508493883,184.83843680262362,6.249232204269999,-618.3273114359918
A_c066,Tendencia lineal,180,42,89.10443031283278,62.54641349133845,1.9414470745470176,-5.778099223323908
A_c067,Tendencia lineal,180,42,198.4087449874491,137.0205716968744,4.374662382465132,-1.0782409062574607
A_c068,Tendencia lineal,180,42,475.80873455567314,172.25936403983044,5.817158361800947,-850.6489410297512
A_c069,Tendencia lineal,180,42,147.3033572860761,101.7381965552228,3.2759057910967497,-0.9381381782794598
A_c070,Tendencia lineal,180,42,188.67991173571872,125.46373736172298,4.033397223724145,-0.8201206394859464
A_c071,Tendencia lineal,180,42,494.2767830825724,199.03967281897,6.727540416405277,-645.0052894514157
A_c072,Tendencia lineal,180,42,68.78741460621741,49.943395385856064,1.6392616541351785,-18.40959007013738
A_c073,Tendencia lineal,180,42,63.38560743301171,48.03865854895256,1.5666072431595883,-11.064512245244716
A_c074,Tendencia lineal,180,42,418.4920872483528,167.7078465805737,5.638783822038799,-135.2554156936633
A_c075,Tendencia lineal,180,42,156.1676105022079,113.00976157228156,3.540673133187376,-0.9648567752491723
A_c076,Tendencia lineal,180,42,55.04119378764316,39.874574355401855,1.310780175580196,-12.23376032328814
A_c077,Tendencia lineal,180,42,471.60230638432796,179.574020799318,6.067105796719936,-513.3539938023337
A_c078,Tendencia lineal,180,42,351.2404848816921,139.6293487461117,4.706329714795589,-256.1120317242875
A_c079,Tendencia lineal,180,42,284.23346946710103,128.6254995278799,4.347338021136409,-197.9591772219063
A_c080,Tendencia lineal,180,42,495.57784766220016,190.3580837713613,6.470639477991838,-696.5308589897207
A_c081,Tendencia lineal,180,42,181.05676163845428,131.00924781759926,4.196120697767179,-1.3107088759207213
A_c082,Tendencia lineal,180,42,68.72151995016165,51.99323337355689,1.6358978778899735,-3.5432708820557623
A_c083,Tendencia lineal,180,42,486.82525076348185,190.624143119446,6.488864767508408,-372.4349998096575
A_c084,Tendencia lineal,180,42,237.38020843488846,172.7493840070588,5.266912594205521,-1.3297893884630327
A_c085,Tendencia lineal,180,42,442.9040524250697,170.0323968043101,5.721028796334099,-417.56473193432447
A_c086,Tendencia lineal,180,42,225.9863621160314,102.61104364947539,3.448087288908905,-124.68952086814903
A_c087,Tendencia lineal,180,42,478.1982188942718,193.01490669448316,6.496802668330755,-602.1737136117621
A_c088,Tendencia lineal,180,42,166.16706408161292,74.37133245499423,2.4932259295712393,-92.35119404176096
A_c089,Tendencia lineal,180,42,491.7891437979898,175.9301059166861,5.926327395965257,-844.2838891491037
A_c090,Tendencia lineal,180,42,90.1050694075161,54.631758794585494,1.7842339037729693,-36.94678175285426
A_c091,Tendencia lineal,180,42,494.3688512087512,182.54941628865967,6.181316123928298,-765.8771506237176
A_c092,Tendencia lineal,180,42,66.10895277381321,48.67596188243443,1.5237296863639611,-2.1606981929601736
A_c093,Tendencia lineal,180,42,179.3711270846621,87.0236288365629,2.905494326341855,-90.41922216633473
A_c094,Tendencia lineal,180,42,430.6210077873181,169.71357397686933,5.722198004179602,-765.2276118343242
A_c095,Tendencia lineal,180,42,83.1756477078711,59.36971292082378,1.965004443371828,-33.960040780996216
A_c096,Tendencia lineal,180,42,70.97063778688356,45.99131641004533,1.5087548169137317,-22.437719228881488
A_c097,Tendencia lineal,180,42,522.1463933343819,203.69483661528693,6.911243333184196,-484.8027516979172
A_c098,Tendencia lineal,180,42,68.8943748740491,53.95053204985773,1.7082244454723599,-2.673325126357897
A_c099,Tendencia lineal,180,42,62.9038627070687,43.27554818722011,1.3911552918319317,-6.888123025650058
A_c100,Tendencia lineal,180,42,514.9138779163468,204.88030028166722,6.995636717255417,-406.0652699099976
A_c101,Tendencia lineal,180,42,74.0183817301329,53.161629128331654,1.7398298382089161,-20.474495373950223
A_c102,Tendencia lineal,180,42,53.150760814129974,40.32767090753034,1.3170468702993317,-12.513091822185814
A_c103,Tendencia lineal,180,42,565.4458392342935,206.61132949573198,7.047336781941748,-724.8685875720527
A_c104,Tendencia lineal,180,42,171.8485931548979,123.13013906639031,3.9482136894348803,-1.0418217072283982
A_c105,Tendencia lineal,180,42,62.87755324378459,44.9123567862003,1.4704846428073333,-13.375258580194494
A_c106,Tendencia lineal,180,42,502.97384406908486,195.38098102862597,6.626705415609924,-759.5369680786113
A_c107,Tendencia lineal,180,42,329.78860140128296,133.76422444020233,4.581683725381967,-312.43176289960536
A_c108,Tendencia lineal,180,42,248.47224923054992,116.49010560540027,3.9491905518570958,-163.1545251232505
A_c109,Tendencia lineal,180,42,506.16455840482945,186.01257720703674,6.346304924086857,-708.692435260267
A_c110,Tendencia lineal,180,42,298.28677620195003,127.65899610286591,4.365676457188592,-253.05535733900663
A_c111,Tendencia lineal,180,42,311.64458321650727,134.24009296503763,4.575418285774749,-345.1306423710187
A_c112,Tendencia lineal,180,42,501.57295936034075,206.06827720951787,6.979327915131959,-206.07387978979088
A_c113,Tendencia lineal,180,42,293.58327028042834,131.6094093920134,4.4981386502665845,-366.8186932286291
A_c114,Tendencia lineal,180,42,71.5454124378886,45.13570570309745,1.5049348689067235,-28.132501834991764
A_c115,Tendencia lineal,180,42,529.098811595881,213.01782794148755,7.294478974427669,-737.1052503723151
A_c116,Tendencia lineal,180,42,203.80957700720242,147.0254972199521,4.576749272522017,-1.160416640086829
A_c117,Tendencia lineal,180,42,63.34231800559631,46.53924877347332,1.5334541074860055,-6.484360256562869
A_c118,Tendencia lineal,180,42,542.0845034341227,215.08150704243403,7.374276809035186,-1533.6033251468095
A_c119,Tendencia lineal,180,42,288.2449153325858,124.23143248810601,4.235232984197643,-341.874975455483
A_c120,Tendencia lineal,180,42,430.26975248212364,169.1717340769147,5.727822089007996,-461.1111913749201
A_c121,Tendencia lineal,180,42,619.9913924154431,285.47556617211694,9.350768164247587,-575.9832028449564
A_c122,Tendencia lineal,180,42,125.24439590684894,80.22633482282609,2.5758815251189557,-40.08314623483173
A_c123,Tendencia lineal,180,35,150.8430436791708,114.15036403337656,3.6108909569979706,-33.25120886417153
A_c124,Tendencia lineal,180,35,260.1774113017758,188.98637697623016,5.912359214109634,-15.984232850169416
A_c125,Tendencia lineal,180,42,286.0139333013839,124.40393609031867,4.287781973979079,-175.4254128229957
A_c126,Tendencia lineal,180,42,148.86959835721765,106.7734233729252,3.4233071353114433,-1.0670240167943716
A_c127,Tendencia lineal,180,42,173.65142913135767,129.58694248921003,4.069804502301096,-1.405128170712282
A_c128,Tendencia lineal,180,42,65.1184872584473,48.74799674624623,1.5511940639332562,-2.8920881288461278
A_c129,Tendencia lineal,180,42,121.45598337280441,93.23134929000486,2.954769880189197,-1.3941779021459269
A_c130,Tendencia lineal,180,42,246.16970557583542,170.076848107522,5.304620203060809,-1.0684038540982175
A_c131,Tendencia lineal,180,42,55.2624745419326,43.65707707739352,1.3651247020336952,-0.5175762863813118
A_c132,Tendencia lineal,180,42,173.8434048414022,127.10031933069723,4.056744906930011,-1.1530386222149231
A_c133,Tendencia lineal,180,42,58.17892892274315,39.75359128559924,1.3252997099325956,-8.061357230544306
A_c134,Tendencia lineal,180,42,220.12834550961912,144.51047840165236,4.458268642392153,-1.0576133070471183
A_c135,Tendencia lineal,180,42,310.5904346558824,132.37390457791315,4.536180293914708,-244.36667450396342
A_c136,Tendencia lineal,180,42,80.05105039670757,59.4938693891548,1.8536580395083408,-4.464985911697612
A_c137,Tendencia lineal,180,42,70.33204138386273,56.94669046913127,1.782484657784059,-1.3901431667703918
A_c138,Tendencia lineal,180,42,72.58161229837334,53.934076902502476,1.7008033692294033,-3.551398145475374
A_c139,Tendencia lineal,180,42,64.92886240405326,52.67952624298735,1.6498244655448844,-0.973249102959705
A_c140,Tendencia lineal,180,42,153.9694780149641,109.7453568941332,3.528724587168382,-1.0792269744253176
A_c141,Tendencia lineal,180,42,292.7825856330234,117.1030428363026,3.998085828846132,-218.28402507605608
A_c142,Tendencia lineal,180,42,356.4173492473542,137.31219237674668,4.684914264021401,-396.55473961912867
A_c143,Tendencia lineal,180,42,58.04531909743438,38.58152040869535,1.2774426619417019,-13.85671576937875
A_c144,Tendencia lineal,180,42,78.78294945568351,59.58373421271031,1.8627689944605303,-3.5032371114628305
A_c145,Tendencia lineal,180,42,287.8246314654561,119.93892348644646,3.879679150024268,-93.43274368546793
A_c146,Tendencia lineal,180,42,181.06630257129478,127.38513379783411,4.057274905914574,-1.1680145584703188
A_c147,Tendencia lineal,180,42,71.0688139737153,51.993923931066405,1.6440163593437225,-5.143543905256324
A_c148,Tendencia lineal,180,42,46.942976802604825,36.217833092919726,1.1606084148506146,-1.403738052909941
A_c149,Tendencia lineal,180,42,53.821069208185335,44.38598206376844,1.4029994514898356,-1.6517957318173333
A_c150,Tendencia lineal,180,42,58.80904723038714,44.17438026731307,1.4010925938385301,-2.2565018718087924
A_c151,Tendencia lineal,180,42,54.26112983131199,43.74774811154721,1.3813987235617826,-2.182743530534164
A_c152,Tendencia lineal,180,42,192.84331664180718,140.6330437358482,4.440075301903249,-1.5183797145660138
A_c153,Tendencia lineal,180,42,51.64838487441523,42.65662537412329,1.3306357933347133,-0.45279897474904307
A_c154,Tendencia lineal,180,42,304.01913192404623,129.86887621388038,4.400847931670839,-203.10867482814137
A_c155,Tendencia lineal,180,42,42.18117814936589,29.881440439845065,0.9717610345691988,-3.415021809113056
A_c156,Tendencia lineal,180,42,65.80432144570439,48.62104377523925,1.5989084102614508,-7.702001402811128
A_c157,Tendencia lineal,180,42,49.53522379411824,38.19182130914537,1.248446898013697,-3.9005864416224076
A_c158,Tendencia lineal,180,42,50.12537807535943,40.632354598450824,1.2856311699057972,-1.311320016602072
A_c159,Tendencia lineal,180,42,58.85507492569562,46.49026383163121,1.4593696998468602,-1.9391833083695316
A_c160,Tendencia lineal,180,42,50.58926979325069,40.628661899513716,1.2929784911153879,-1.0454349652480555
A_c161,Tendencia lineal,180,42,81.37661472349151,48.6980369496245,1.5369962200604916,-6.785617398950736
A_c162,Tendencia lineal,180,42,185.42702594341085,133.3288521815558,4.30167037983167,-1.4870162200661627
A_c163,Tendencia lineal,180,42,173.16997274877826,120.39614684593899,3.835752262359359,-1.0651768991499782
A_c164,Tendencia lineal,180,42,126.74175679116142,87.34286907968827,2.805387623820854,-0.8943562554062217
A_c165,Tendencia lineal,180,42,63.393995111414455,47.54771899962469,1.548093456436964,-4.638569595761927
A_c166,Tendencia lineal,180,42,55.6863817468279,37.476481651882864,1.239236194811498,-10.844425337952273
A_c167,Tendencia lineal,180,42,61.96268493190621,42.36271670470216,1.3653370114577184,-6.54829115042966
A_c168,Tendencia lineal,180,42,63.649397943183985,40.30999601766817,1.3310981985975225,-16.77678101358601
A_c169,Tendencia lineal,180,42,80.99443075563704,59.030694856381416,1.8475460867511635,-2.4744107680129943
A_c170,Tendencia lineal,180,42,208.80499904430744,140.27115935997907,4.366026634496411,-1.2476222126420073
A_c171,Tendencia lineal,180,42,71.63282692582159,46.08672082981925,1.502139484887109,-19.309988281169424
A_c172,Tendencia lineal,180,42,85.86614419048169,65.93109680211795,2.163949177274786,-17.90036028574148
A_c173,Tendencia lineal,180,42,100.9572162640142,72.38304127881497,2.249655463528348,-5.550587545840273
A_c174,Tendencia lineal,180,42,57.7769235447911,41.64932807659315,1.3287041295766586,-2.330538875639573
A_c175,Tendencia lineal,180,42,64.69687544385602,50.23300836022055,1.5760321216805686,-1.253413441980305
A_c176,Tendencia lineal,180,42,141.090498348006,101.17309038297455,3.1535317363948905,-1.3766525679571449
A_c177,Tendencia lineal,180,42,80.6728484740312,54.70339873225161,1.837727546795036,-15.810055929400598
A_c178,Tendencia lineal,180,42,212.73065822708958,97.9517599633282,3.348808077534119,-134.04470110312167
A_c179,Tendencia lineal,180,42,41.94115358709494,31.547830943694816,1.0202030778770996,-2.912923494681956
A_c180,Tendencia lineal,180,42,549.9154947039441,197.58792747874543,6.7314478678584795,-989.2841314760749
A_c181,Tendencia lineal,180,42,278.1247603489227,118.32914352225487,4.052734080191643,-298.0510873786162
B_c001,Tendencia lineal,180,42,449.143893829568,331.1761161065675,9.865565080830727,-25.03935112374345
B_c002,Tendencia lineal,180,42,69.5282999922019,55.77808527499474,1.7410664854499132,-1.6676070032152928
B_c003,Tendencia lineal,180,42,69.10902180788044,50.862096321815166,1.6109351717767795,-3.4819411425201476
B_c004,Tendencia lineal,180,42,63.758234462180624,51.27655973220953,1.5840749319753982,-1.1395286253009727
B_c005,Tendencia lineal,180,42,414.54776850958933,152.85939563749497,5.23569725318091,-698.5605418350708
B_c006,Tendencia lineal,180,42,55.34405886750592,44.56840830855019,1.398382671308357,-1.0532036879623723
B_c007,Tendencia lineal,180,42,68.8042446994924,50.72608068552665,1.5995195529956485,-2.403297573844386
B_c008,Tendencia lineal,180,42,60.75639625579281,46.799145629255655,1.4944050495804566,-2.4834200479850796
B_c009,Tendencia lineal,180,42,67.7130697040283,52.57965990047367,1.6517998212527842,-1.4582554878912095
B_c010,Tendencia lineal,180,42,64.54706853013624,49.56109952880327,1.5781075757638374,-2.10488643115178
B_c011,Tendencia lineal,180,42,128.13111520854133,84.87487496365814,2.5928997827746634,-0.548563000508153
B_c012,Tendencia lineal,180,42,62.243143515575596,47.86762900112933,1.5180718883108977,-1.9216330130485217
B_c013,Tendencia lineal,180,42,70.28209491306389,52.51893829687803,1.6504482846144537,-1.437401401656436
B_c014,Tendencia lineal,180,42,64.46065436768866,52.02033900505985,1.6248476581016063,-1.5843845079987138
B_c015,Tendencia lineal,180,42,60.59980150615386,45.64203041188889,1.4481619536409454,-1.8400790150331567
B_c016,Tendencia lineal,180,42,232.63861167846534,137.9063951633099,4.484476942482468,-496.679924292744
B_c017,Tendencia lineal,180,42,66.45439595849876,53.44987724111484,1.658018398784142,-0.44124086881542235
B_c018,Tendencia lineal,180,42,65.203549570448,50.83511342339617,1.5814002291939806,-1.0553062101192259
B_c019,Tendencia lineal,180,42,64.5040985044432,52.283261183213135,1.6410776834065346,-1.8614823757795067
B_c020,Tendencia lineal,180,42,107.34322873536293,65.11776856108298,2.025042034047733,-0.553616748298517
B_c021,Tendencia lineal,180,42,124.88726437991517,72.34325292741384,2.257516468400806,-0.3916316242927891
B_c022,Tendencia lineal,180,42,58.41289173350643,47.68127729629543,1.5022683781546429,-1.5177671273673496
B_c023,Tendencia lineal,180,42,60.517504972374766,43.78944811062707,1.3988454275226183,-1.8644979868712377
B_c024,Tendencia lineal,180,42,58.291764044906124,47.33776675861087,1.4890589754739736,-0.8151137735643041
B_c025,Tendencia lineal,180,42,58.43435016286065,44.98403406375454,1.426656873043644,-1.7980252489647732
B_c026,Tendencia lineal,180,42,69.40425320691018,54.48127950025106,1.6840777810954264,-1.5572774138781043
B_c027,Tendencia lineal,180,42,171.36967723577203,99.09644360486502,3.35732062505847,-321.3396835210354
B_c028,Tendencia lineal,180,42,54.34020331460535,42.749670614824694,1.3123876464104869,-0.5406873040622462
B_c029,Tendencia lineal,180,42,69.41451059459003,53.40704323994811,1.6354269597613103,-2.7091192647349684
B_c030,Tendencia lineal,180,42,76.65122921302235,59.49445242408686,1.8940191510084396,-8.483967948980782
B_c031,Tendencia lineal,180,42,193.54150924069563,112.08148654583029,3.7291938754921636,-399.0004804306166
B_c032,Tendencia lineal,180,42,55.903217192374846,45.29937515977141,1.41222007053574,-0.6894396487643544
B_c033,Tendencia lineal,180,42,64.90643488203604,50.45552534702922,1.5714059978467494,-1.2378326582857526
B_c034,Tendencia lineal,180,42,58.17483474820391,47.6504439811684,1.481952299209122,-0.3149878533900694
B_c035,Tendencia lineal,180,42,410.1045958817671,157.9780163372915,5.3602642056482335,-345.32310827814877
B_c036,Tendencia lineal,180,42,436.2007266671378,159.0515836494044,5.459662267888821,-667.2459620361725
B_c037,Tendencia lineal,180,42,57.42506746226711,43.70511724040772,1.3413961308887792,-1.9343427615694133
B_c038,Tendencia lineal,180,42,54.56651521666952,45.88477651095465,1.408062356138305,-0.10123261827835806
B_c039,Tendencia lineal,180,42,73.9473534592431,60.114781199474386,1.8513251795274486,-0.46590184866655515
B_c040,Tendencia lineal,180,42,117.53214072419749,71.82087808487367,2.2183014139506536,-0.5434903719133701
B_c041,Tendencia lineal,180,42,268.55003339710606,147.4864130354878,4.844709229393267,-590.4260213442021
B_c042,Tendencia lineal,180,42,72.89978363582365,57.52347685436794,1.7775163259242328,-1.9523574959958307
B_c043,Tendencia lineal,180,42,213.90121598433421,119.15630087128068,3.995145340687349,-389.8557287267085
B_c044,Tendencia lineal,180,42,60.12630556107661,47.85551059944067,1.4973176438698226,-1.2574603166190417
B_c045,Tendencia lineal,180,42,70.66070639633615,46.2582453255239,1.4765508617123118,-4.372688076805921
B_c046,Tendencia lineal,180,42,97.82623752553127,75.13460819924462,2.300432563586256,-0.5310445372913439
B_c047,Tendencia lineal,180,42,51.534695749054464,40.893694265755435,1.2870677314036774,-0.7372641942588547
B_c048,Tendencia lineal,180,42,219.61401084874254,125.22543918436644,3.9911987643773736,-294.49502017623416
B_c049,Tendencia lineal,180,42,130.67490474892892,77.05292818116509,2.5806100496956,-203.4231149821362
B_c050,Tendencia lineal,180,42,78.21553523341986,52.41797713121717,1.743679561941181,-81.2509112282308
B_c051,Tendencia lineal,180,42,147.89645295730068,88.31385696095693,2.95136163523491,-281.23706605482414
B_c052,Tendencia lineal,180,42,452.10003832653155,173.77031509616896,5.888302982139141,-427.16161527893325
B_c053,Tendencia lineal,180,42,56.18911606033045,37.02075504714337,1.207290159017585,-20.683981598882124
B_c054,Tendencia lineal,180,42,82.59608067817607,57.16937885080879,1.8785006369707917,-44.07946743328102
B_c055,Tendencia lineal,180,42,446.6087921737014,168.35452211853158,5.709969378846721,-762.9233606938378
B_c056,Tendencia lineal,180,42,456.6110870259957,168.38755712398353,5.75165517577141,-677.9778208342013
B_c057,Tendencia lineal,180,42,173.16544970961561,99.90264426049552,3.195984205350074,-212.16868832502365
B_c058,Tendencia lineal,180,42,60.98116102431491,43.84883434023882,1.4196654403683273,-3.3286429416464696
B_c059,Tendencia lineal,180,42,131.8094063683574,82.42367840405365,2.7934231454534784,-96.78253891446548
B_c060,Tendencia lineal,180,42,54.952215271128196,43.869759185739404,1.3690652055034185,-1.0215133031780832
B_c061,Tendencia lineal,180,42,64.2882027034876,45.68007078632456,1.5137428685297505,-13.975047132180848
B_c062,Tendencia lineal,180,42,222.8045369431816,164.0755629072079,5.2977440166728815,-214.88408904920996
B_c063,Tendencia lineal,180,42,209.51672674879907,124.21375264453764,4.1502834831669535,-309.52726068689776
B_c064,Tendencia lineal,180,42,55.6356346500755,45.59980068750927,1.4263257253247503,-0.832851253081051
B_c065,Tendencia lineal,180,42,52.917622317602664,42.583795036716744,1.3450649652491729,-1.6246484890286252
B_c066,Tendencia lineal,180,42,314.61774555434494,172.36753844734872,5.792984945252926,-382.51499253296083
B_c067,Tendencia lineal,180,42,60.949526015577426,45.00043740949357,1.4255678440768647,-2.5659190623790873
B_c068,Tendencia lineal,180,42,57.75750349028088,43.957635131566285,1.429712133975035,-4.662789728965593
B_c069,Tendencia lineal,180,42,71.94860680776674,57.452489277091246,1.7771757813457894,-0.5272312528718945
B_c070,Tendencia lineal,180,42,139.78327193276002,98.38776478720833,3.0128800415668193,-0.29193628153804596
B_c071,Tendencia lineal,180,42,121.36944802457694,83.97975084039814,2.538150666172791,-0.35132928638035277
B_c072,Tendencia lineal,180,42,66.28474922467187,49.886841816529326,1.5587603960582255,-2.1550103355755463
B_c073,Tendencia lineal,180,42,58.237710296729134,46.516686720790965,1.4895415620201877,-1.4735979852956596
B_c074,Tendencia lineal,180,42,246.3628842901808,150.278181151879,4.955808101233685,-260.3023039502728
B_c075,Tendencia lineal,180,42,294.2002003038964,180.8111547581374,5.736598980376679,-210.80441053617702
B_c076,Tendencia lineal,180,42,140.27494107301254,81.33753915528669,2.7202259933041506,-61.31284541057767
B_c077,Tendencia lineal,180,42,63.80652264031279,41.576073690869784,1.3458497033314838,-3.584191536307899
B_c078,Tendencia lineal,180,42,97.89766864451884,71.05177609091677,2.298442963441891,-26.326984677813318
B_c079,Tendencia lineal,180,42,57.6264535762692,46.986261639298526,1.4790469835419509,-1.309828633134392
B_c080,Tendencia lineal,180,42,69.34316654988055,54.47842327442749,1.6877409435003197,-0.5936927909834595
B_c081,Tendencia lineal,180,42,297.31390009988843,176.9193196010958,5.931056766285611,-840.1895187854429
B_c082,Tendencia lineal,180,42,76.50021724192922,53.35603635380918,1.7472641956382367,-35.8996645657989
B_c083,Tendencia lineal,180,42,64.31057889724013,52.042514613268565,1.6193371989790601,-2.1118166602769293
B_c084,Tendencia lineal,180,42,59.663083627163225,45.089297389887356,1.4484526902978003,-2.3683101769141466
B_c085,Tendencia lineal,180,42,157.7807713456714,93.90445013681116,3.0121763920452014,-165.76088367135804
B_c086,Tendencia lineal,180,42,64.08559649266826,49.68872142199357,1.5395629790582261,-0.6675947260027699
B_c087,Tendencia lineal,180,42,61.966094060635214,51.47914956341179,1.5900338354254802,-0.402506234166647
B_c088,Tendencia lineal,180,42,200.56211757921255,123.03054213999792,4.181968412435269,-388.3034044387051
B_c089,Tendencia lineal,180,42,210.61190337203507,119.95736285328995,4.048699709515464,-449.84800199475467
B_c090,Tendencia lineal,180,42,140.94215791566492,97.90193770248082,2.974443439158219,-0.5266430248914926
B_c091,Tendencia lineal,180,42,434.1618766290982,230.30431436753543,7.743814791161571,-96.09564572144278
B_c092,Tendencia lineal,180,42,145.34122582579195,84.85437943374015,2.6922097688948963,-8.063298476699844
B_c093,Tendencia lineal,180,42,61.77443404961058,45.920347947773784,1.457333530926735,-1.6922119160320697
B_c094,Tendencia lineal,180,42,104.49108008126777,77.24186604856662,2.380333677893302,-0.5878421377681604
B_c095,Tendencia lineal,180,42,197.9167317935684,113.50445686597104,3.6972514864873864,-284.1899974652507
B_c096,Tendencia lineal,180,42,142.6510372579581,87.7768363856592,2.85228436121479,-145.8575559245329
B_c097,Tendencia lineal,180,42,115.49332641849354,68.60837835859418,2.210479568456716,-92.39168565347313
B_c098,Tendencia lineal,180,42,117.81937003434892,76.28561605536244,2.505099626238376,-117.17153708975012
B_c099,Tendencia lineal,180,42,53.781146181931746,42.12769075031493,1.3303185134028883,-1.0176056613347457
B_c100,Tendencia lineal,180,42,81.25646402759868,58.5093799514627,1.8185913833029483,-3.006255625912414
B_c101,Tendencia lineal,180,42,58.42361515392996,43.1546186338241,1.3510935070754717,-1.3169640444343478
B_c102,Tendencia lineal,180,42,70.87249266814678,51.20445905235858,1.6400954526089564,-4.653576719663894
B_c103,Tendencia lineal,180,42,60.77097592605844,45.46286902159187,1.4553416384568827,-1.7883605395740516
B_c104,Tendencia lineal,180,42,66.12659502229073,50.93879002065563,1.609630397163464,-2.8873702126132934
B_c105,Tendencia lineal,180,42,66.60166187247798,49.33085693367532,1.5911610177011233,-3.9443085703528293
B_c106,Tendencia lineal,180,42,96.60792681881021,57.30590211337431,1.8690877757735307,-22.65233997658607
B_c107,Tendencia lineal,180,42,96.29763471328442,74.0214589359722,2.344330787310291,-0.23193515490518868
B_c108,Tendencia lineal,180,42,62.46956683831216,35.82295119566433,1.1510938004214808,-26.255893788574692
B_c109,Tendencia lineal,180,42,230.04477574265286,133.61004148625122,4.394607313733304,-592.4783685415795
B_c110,Tendencia lineal,180,42,106.49961805273165,63.535254341200954,2.0304341906555123,-76.57900161996427
B_c111,Tendencia lineal,180,42,99.0958217857034,59.23550334907333,1.9010591674715478,-58.24802706656166
B_c112,Tendencia lineal,180,42,54.65615206298274,43.002062902464615,1.3859756149990479,-1.1870821725790672
B_c113,Tendencia lineal,180,42,65.78465186109742,49.744915838083486,1.597397779907869,-3.0817065708107316
B_c114,Tendencia lineal,180,42,64.91031387648732,50.36834733147193,1.5596085221637432,-1.4989071936167817
B_c115,Tendencia lineal,180,42,75.23697545875645,58.67741301863968,1.822774175682067,-2.3315374994112563
B_c116,Tendencia lineal,180,42,57.60422974780849,44.13085961682633,1.419457091760118,-4.129436971797529
B_c117,Tendencia lineal,180,42,61.27699315711497,44.26053298625706,1.4014299348524597,-2.1976389667673035
B_c118,Tendencia lineal,180,42,95.92829317376886,68.93222092870364,2.1486256523887803,-0.49886648648845977
B_c119,Tendencia lineal,180,42,62.81353505864425,50.010713734031114,1.569836934678781,-1.7277089823602125
B_c120,Tendencia lineal,180,42,65.8461420207667,45.249404031069616,1.4767074131074949,-7.357001179514661
B_c121,Tendencia lineal,180,42,61.85270241749147,49.52621478796994,1.5460847008422556,-0.8709672395501582
B_c122,Tendencia lineal,180,42,57.724153792142275,47.5519366741931,1.4463151435991597,-0.257222875711866
B_c123,Tendencia lineal,180,42,58.50705153949097,40.511530084327894,1.3523331694205403,-11.976331608876473
B_c124,Tendencia lineal,180,42,294.94798205711214,215.66492673190598,6.923499824434076,-222.19400859032902
B_c125,Tendencia lineal,180,42,96.93611040100973,72.8180870426526,2.396971990455519,-12.37600351107759
B_c126,Tendencia lineal,180,42,63.739048709366145,46.77748968937651,1.5239075382995337,-14.853872121928648
B_c127,Tendencia lineal,180,42,61.45917568828741,36.62609255547204,1.1954699721609683,-25.816305442818255
B_c128,Tendencia lineal,180,42,384.3553587449752,257.99537233347485,8.513947435454078,-17.55238329144905
B_c129,Tendencia lineal,180,42,222.8269668751212,128.80139844525007,4.114886715496732,-322.18117773656036
B_c130,Tendencia lineal,180,42,51.54305904096127,43.17827337286751,1.3741607728743357,-0.9573559582883455
B_c131,Tendencia lineal,180,42,238.95786502887324,190.54361006377025,6.340014851110373,-2.8772060349730695
B_c132,Tendencia lineal,180,42,51.99368699452895,39.93234699278039,1.3012464063717244,-8.647381156049091
B_c133,Tendencia lineal,180,42,234.60115555173232,141.57572515044612,4.741209484428534,-717.2767135449022
B_c134,Tendencia lineal,180,42,277.9311567010685,155.65825600811388,4.97944597979895,-577.870826468427
B_c135,Tendencia lineal,180,42,78.99215696214947,48.66856478230343,1.587836005658429,-11.871406158672787
B_c136,Tendencia lineal,180,42,138.65410941409993,114.98652801064554,3.822359625302822,-2.2555058485508996
B_c137,Tendencia lineal,180,42,55.629506925539445,44.234094271136414,1.4215446803211473,-1.1170581538474815
B_c138,Tendencia lineal,180,42,218.600598195526,178.06002988943283,5.901045892100159,-3.1423943986785687
B_c139,Tendencia lineal,180,42,185.7560648062955,152.47885664064646,5.0684918780916774,-2.602400937600029
B_c140,Tendencia lineal,180,42,53.90618699066395,41.89593145133727,1.3458649811430266,-4.27317256402787
B_c141,Tendencia lineal,180,42,86.3532820096557,53.073377986689685,1.7368352536616931,-9.567659643637871
B_c142,Tendencia lineal,180,42,86.31168185845586,57.43022495196042,1.8734496879133606,-54.69525935316274
B_c143,Tendencia lineal,180,42,52.52785928508992,43.25549033133268,1.3542961396563948,-0.6882140687562075
B_c144,Tendencia lineal,180,42,140.94533246511932,107.9111889746967,3.6050061054508538,-4.7535815514594395
B_c145,Tendencia lineal,180,42,165.23305777400205,104.01687613299033,3.3659316494083407,-192.98235206554904
B_c146,Tendencia lineal,180,42,101.45198756810711,64.9704583931036,2.1590132289108515,-108.10620514843416
B_c147,Tendencia lineal,180,42,119.82116669343814,80.09448263219817,2.688427328033343,-201.62965949914565
B_c148,Tendencia lineal,180,42,286.9924951638917,162.5108416330457,5.179232165072363,-552.3836643616585
B_c149,Tendencia lineal,180,42,137.11746015818133,81.77447186024284,2.6279370110141453,-119.96510135141894
B_c150,Tendencia lineal,180,42,69.37358313921501,44.31991573680093,1.449855481990071,-15.751773376265394
B_c151,Tendencia lineal,180,42,71.47187781684721,53.75628375753053,1.6872207101970065,-1.8693454998078245
B_c152,Tendencia lineal,180,42,56.1803508797951,39.42343344500642,1.3222969975363383,-36.21966737791507
B_c153,Tendencia lineal,180,42,111.75493477386516,68.2346411805598,2.182036490200449,-83.05164439233029
B_c154,Tendencia lineal,180,42,64.06032124286253,41.24988888350945,1.353147007430257,-15.004085952816318
B_c155,Tendencia lineal,180,42,52.694547007285315,34.46462069572521,1.1306856876727809,-7.796621433162855
B_c156,Tendencia lineal,180,42,50.02170101929121,37.58694490264152,1.210254236979146,-9.920931007317334
B_c157,Tendencia lineal,180,42,302.00161589809983,171.86427315703693,5.58137844802518,-601.5847287261467
B_c158,Tendencia lineal,180,42,275.11980281497875,215.74039327862462,7.182902070031141,-2.395816418838297
B_c159,Tendencia lineal,180,42,66.99008436197761,52.08562401413771,1.6274920991958073,-0.9637685297077929
B_c160,Tendencia lineal,180,42,153.43998161643702,123.77381472609281,4.0384662501652,-3.27217682525842
B_c161,Tendencia lineal,180,42,50.692750260739786,39.642827157684245,1.2379744693679156,-0.7018436153510921
B_c162,Tendencia lineal,180,42,117.55514761753328,70.42112802205013,2.2795450108091173,-91.77018640101392
B_c163,Tendencia lineal,180,42,50.902448157809516,42.581984928560814,1.3470782163433332,-1.3038087273792653
B_c164,Tendencia lineal,180,42,54.594833654380885,43.83367269834489,1.3823747624641156,-0.656125599269382
B_c165,Tendencia lineal,180,42,252.72413087432886,198.3440168371523,6.648263286257647,-2.333068673716205
B_c166,Tendencia lineal,180,42,65.94497707644305,50.729484238683895,1.6213774351059844,-17.22556461996443
B_c167,Tendencia lineal,180,42,326.50299449616875,193.78147183918705,6.480127914036468,-1132.2376102659985
B_c168,Tendencia lineal,180,42,183.1164105023563,104.30235118900433,3.3337489417959025,-195.96872312628452
B_c169,Tendencia lineal,180,42,100.06977090247364,69.35011081693771,2.316048605688594,-72.71075827870325
B_c170,Tendencia lineal,180,42,253.18602737338298,139.5119219676446,4.416379580441259,-376.7477159053557
B_c171,Tendencia lineal,180,42,178.77684495430103,100.69279739607329,3.238591498276856,-198.0708577427857
B_c172,Tendencia lineal,180,42,98.01548329334472,60.86177838137918,2.025289650200545,-96.6292292294562
B_c173,Tendencia lineal,180,42,113.55781345645107,73.67650879032051,2.4613906208406338,-109.67555726023386
B_c174,Tendencia lineal,180,42,77.36880576093235,54.126622114871196,1.760103462665967,-5.037378906247689
B_c175,Tendencia lineal,180,42,69.00025011444338,45.906565028917235,1.5161489530224808,-26.637817906944832
B_c176,Tendencia lineal,180,42,225.25388778857248,173.32346049048078,5.825184476513208,-2.246470444575746
B_c177,Tendencia lineal,180,42,65.17063865136872,50.54536441434155,1.5837501426083416,-2.076612307043772
B_c178,Tendencia lineal,180,42,53.33422202627187,36.60026797215855,1.2011452642592133,-7.706351524987497
B_c179,Tendencia lineal,180,42,57.9825244092396,40.21555909833303,1.276213773326879,-4.21443487933247
B_c180,Tendencia lineal,180,42,410.24784081348366,146.4572057713631,4.913278037256823,-457.499151744975
B_c181,Tendencia lineal,180,42,69.39424299823276,50.316394953329336,1.6162710640906315,-5.254559690714533
